FE,SIO2,AL2O3,P
58.33,1.95,2.2,0.07
57.53,2.45,2.62,0.08
57.05,2.94,3.37,0.12
56.43,2.95,2.91,0.09
57.7,2.89,2.43,0.08
59.23,2.2,1.7,0.08
58.64,3.42,2.54,0.08
58.13,3.4,2.52,0.08
59.59,2.91,1.85,0.07
60.66,2.17,1.13,0.07
60.29,2.4,1.26,0.08
60.35,3.16,1.13,0.08
60.05,2.54,1.37,0.09
59.43,1.97,1.43,0.07
59.04,2.13,1.67,0.13
59.47,2.02,1.84,0.12
59.45,2.42,2.16,0.13
60.48,1.77,1.58,0.11
60.37,2.05,1.98,0.11
58.13,3.35,2.72,0.08
58.74,3.51,2.62,0.07
58.38,2.47,1.64,0.09
59.41,2.57,1.56,0.09
59.28,2.51,1.21,0.08
59.86,2.18,1.16,0.08
59.99,2.2,1.3,0.07
60.73,2.14,1.3,0.06
58.95,3.49,1.38,0.06
60.49,2.17,1.09,0.06
59.26,2.86,1.6,0.08
58.84,3.14,1.59,0.07
59.42,2.94,1.56,0.08
59.69,2.89,1.48,0.08
57.87,3.44,1.7,0.11
58.55,3.88,1.78,0.07
59.47,3.34,1.96,0.09
58.54,3.93,1.84,0.07
59.66,3.22,1.9,0.11
60.17,3.45,1.32,0.08
61.55,3.26,1.63,0.07
61.12,3.87,1.69,0.08
60.72,5.16,2.03,0.07
59.61,2.62,1.7,0.08
61.26,1.94,0.99,0.06
61.45,1.91,1.01,0.05
61.73,1.79,0.98,0.06
60.46,2.36,1.21,0.06
60.91,2.26,1.12,0.05
60.55,2,1.07,0.05
60,2.18,1.13,0.06
60.4,1.81,0.95,0.09
61.33,1.35,0.7,0.05
61.2,1.66,0.84,0.05
60.39,1.66,1.18,0.04
61.1,1.52,0.89,0.05
61.5,1.62,0.95,0.05
60.78,2.11,1.32,0.06
60.2,2.23,1.28,0.06
60.23,2.54,1.48,0.07
58.77,3.02,2.22,0.07
59.71,2.89,1.81,0.07
60.66,2.17,1.62,0.06
59.82,2.64,1.91,0.06
58.91,2.73,2.02,0.06
59.64,2.4,2.22,0.07
59.34,2.29,1.88,0.06
59.15,2.42,2.1,0.05
59.35,2.62,1.78,0.05
58.39,2.86,1.79,0.09
58.64,3.07,1.99,0.08
59.17,2.42,1.51,0.08
59.42,2.47,1.22,0.07
59.55,2.45,1.1,0.06
59.21,2.6,1.22,0.07
59.47,2.57,1.3,0.06
59.67,2.94,1.16,0.05
60.49,2.19,1.09,0.05
60.05,2.4,1.28,0.06
59.48,2.4,1.44,0.07
60.75,1.94,1.07,0.07
60.66,2.11,1.19,0.05
59.53,2.24,1.26,0.05
59.46,2.45,1.37,0.06
59.12,2.96,1.47,0.07
59.85,2.37,1.27,0.06
60.18,2.15,1.14,0.06
59.84,2.53,1.45,0.07
59.14,3.04,1.65,0.08
59.54,2.66,1.44,0.06
59.92,2.9,1.43,0.06
59.38,2.83,1.29,0.05
59.65,3.26,1.58,0.06
60.47,2.66,1.39,0.06
61.45,2.41,1.3,0.06
60.48,2.6,1.52,0.06
60.7,2.66,1.47,0.07
60.35,2.96,1.66,0.06
61.33,2.57,1.61,0.09
59.94,3.15,2.03,0.1
60.93,2.48,1.59,0.06
59.29,3.38,1.85,0.07
60.19,2.8,1.42,0.06
60.41,2.48,1.18,0.07
61.03,2.26,1.24,0.06
60.79,2.41,1.27,0.06
61.16,2.22,1.09,0.06
61.91,1.78,0.95,0.05
61.2,2.06,1.24,0.05
61.2,2.24,1.13,0.05
59.85,4.02,1.28,0.05
60.08,2.9,1.33,0.05
63.27,1.61,0.76,0.05
62.36,1.68,0.98,0.05
61.47,2.57,1.14,0.05
60.01,2.74,1.6,0.08
62.31,1.64,1.16,0.07
61.95,1.78,1.14,0.06
62.59,1.51,0.98,0.06
61.4,1.96,1.37,0.06
61.37,1.64,1.06,0.05
61.3,1.93,1.2,0.04
61.23,1.86,1.21,0.04
60.76,2.23,1.57,0.04
61.91,1.68,1.09,0.03
61.15,1.96,1.37,0.04
61.78,1.95,1.62,0.03
61.52,1.69,1.54,0.03
60.89,1.91,1.47,0.03
60.8,1.98,1.56,0.03
61.62,1.75,1.27,0.02
60.05,2.43,2.06,0.03
61.56,4.92,1.62,0.05
61.7,4.42,1.44,0.08
59.91,2.3,1.38,0.08
60.43,2.06,1.2,0.06
59.24,2.22,1.46,0.05
61.28,1.85,0.91,0.04
59.95,2.61,1.15,0.04
59.46,2.37,1.84,0.04
59.59,2.23,1.7,0.03
59.46,2.42,1.89,0.05
58.84,2.22,1.92,0.03
58.55,2.58,1.55,0.03
59.31,2.27,1.24,0.04
60.54,2.26,0.96,0.05
61.44,2.06,1.15,0.04
60.3,2.62,1.2,0.04
60.85,2.86,1.11,0.06
60.01,2.82,1.02,0.04
60.26,2.98,1.35,0.05
61.44,2.52,1.23,0.05
60.78,3.06,1.72,0.09
62.91,2.05,1.18,0.04
60.67,3.6,1.34,0.05
58.35,5.39,2.51,0.04
60.64,4.14,1.73,0.04
59.96,2.27,1.24,0.06
60.05,2.31,1.05,0.05
59.93,2.32,0.96,0.06
59.56,2.69,1.28,0.07
59.38,2.75,1.43,0.06
59.76,2.95,1.26,0.05
59.7,2.38,1.22,0.06
58.77,3.12,1.93,0.08
58.71,3.05,1.61,0.09
60.78,2.44,1.22,0.07
60.43,2.49,1.19,0.06
59.92,2.33,1.08,0.04
59.82,2.47,1.06,0.05
59.69,2.67,1.23,0.06
60.34,2.52,1.21,0.06
60.09,2.68,1.29,0.07
59.7,2.78,1.34,0.07
59.51,3.21,1.52,0.06
59.97,2.72,1.35,0.05
59.5,3.21,1.76,0.06
61.07,2.22,1.14,0.06
59.44,2.98,1.76,0.05
61.38,2.11,0.94,0.05
59.81,3.04,1.64,0.06
59.66,3.17,1.53,0.08
60.33,2.93,1.63,0.06
58.63,3.6,2.45,0.06
60.16,2.54,1.56,0.08
60.58,2.2,1.34,0.06
60.47,2.3,1.36,0.06
60.84,2.08,1.23,0.06
61.33,2,1.14,0.05
60.93,2.24,1.23,0.05
61.34,2.25,1.38,0.05
60.19,2.55,1.5,0.05
59.19,3.49,1.54,0.05
60.48,2.37,1.42,0.07
63.49,1.6,0.77,0.05
62.83,1.72,0.84,0.05
63.15,1.91,0.89,0.05
61.38,2.36,1.33,0.06
61.56,2,1.26,0.06
62.43,1.72,1.13,0.05
61.41,2.33,1.23,0.05
59.8,2.48,1.03,0.04
58.93,2.9,1.5,0.05
60.33,2.27,1.08,0.04
61.05,2.03,1.08,0.07
60.01,2.28,1.22,0.06
59.25,2.76,1.51,0.06
60.32,2.47,1.08,0.06
59.43,3.05,1.28,0.06
60.16,2.39,1.04,0.06
57.29,4.26,2.22,0.07
58.4,3.57,1.55,0.09
60.35,2.8,1.32,0.08
58.68,3.69,1.89,0.08
57.26,4.11,1.92,0.05
58.57,4.4,1.92,0.08
58.91,4.33,1.84,0.09
57.9,4.88,2.14,0.08
58.57,4.93,1.75,0.07
59.93,3.68,1.56,0.08
60.08,3.13,1.37,0.08
60.75,2.59,1.25,0.1
60.91,3.8,3.02,0.15
55.51,3.9,2.94,0.12
56.19,3.7,2.38,0.09
58.35,3.32,2.23,0.09
59.47,2.93,1.8,0.07
59.31,2.48,1.31,0.07
59.05,2.53,1.52,0.07
60.2,2.31,0.91,0.07
59.66,2.6,1.21,0.08
60.48,2.19,0.98,0.05
58.28,2.85,1.87,0.07
57.14,3.78,2.1,0.06
57.18,3.7,1.93,0.07
60.1,2.65,1.04,0.05
61.91,2.25,0.78,0.05
59.39,3.68,1.19,0.05
61.86,1.98,0.79,0.04
62.46,1.68,0.56,0.03
62.03,1.98,0.93,0.04
62.09,1.97,0.88,0.04
57.77,3.5,1.52,0.05
61.24,2.45,1.18,0.04
62.51,2.08,0.8,0.04
61.86,1.86,0.75,0.04
61.55,1.89,0.63,0.03
62.65,2.31,0.83,0.03
60.88,3.41,1.09,0.03
60.53,3.53,1.23,0.03
59.97,5.04,1.45,0.03
59.9,4.31,1.26,0.03
61.37,3.94,0.88,0.03
60.94,2.06,1.14,0.06
61.04,2.17,1.31,0.06
58.96,3.01,1.63,0.06
60.94,1.8,1.13,0.05
60.03,2.78,1.3,0.04
60.81,2.06,1.3,0.05
59.96,2.64,1.4,0.05
59.03,3.36,1.73,0.05
62.01,2.19,1.24,0.06
62.89,1.73,0.96,0.06
61.97,2.04,1.09,0.05
60.82,2.26,1.17,0.05
63.07,1.43,0.88,0.05
61.85,1.86,1.08,0.06
61.76,1.95,1.08,0.05
61.17,2.45,1.26,0.06
60.52,2.53,1.27,0.06
58.75,3.1,1.67,0.05
61.19,2.26,1.21,0.04
60.47,2.32,1.34,0.04
60.13,2.55,1.46,0.04
60.63,2.25,1.2,0.03
60.24,2.63,1.56,0.04
59.5,2.91,1.75,0.04
58.77,2.79,1.87,0.05
61.58,1.98,0.89,0.07
60.09,2.2,1.19,0.06
59.61,2.45,1.19,0.05
59.5,2.54,1.29,0.06
59.81,2.68,1.09,0.05
58.93,3.58,1.6,0.06
58.5,3,1.81,0.07
59.27,3.07,1.39,0.07
60.6,2.53,1.02,0.07
60.02,2.81,1.22,0.09
59.76,2.65,1.2,0.06
57.99,4.82,1.45,0.06
60.56,3.38,1.74,0.1
60.83,3.8,1.84,0.08
60.44,3.81,1.68,0.06
60.42,2.77,1.12,0.06
60.06,3.58,1.49,0.06
61.29,2.94,1.3,0.06
60.22,3.28,1.31,0.05
60.36,3.47,1.02,0.06
59.31,3.84,1.43,0.06
61.14,2.76,1.19,0.05
59,4.55,1.4,0.06
59,4.55,1.4,0.06
59.5,3.65,1.48,0.05
59.5,3.65,1.48,0.05
62.7,2.07,0.96,0.05
62.7,2.07,0.96,0.05
61.6,2.85,1.05,0.05
61.6,2.85,1.05,0.05
60.4,3.87,1.29,0.06
60.4,3.87,1.29,0.06
62,2.19,1.19,0.06
62,2.19,1.19,0.06
62.2,2.09,1.2,0.05
62.2,2.09,1.2,0.05
61.9,1.72,0.87,0.03
61.9,1.72,0.87,0.03
62.7,1.91,1.06,0.03
62.7,1.91,1.06,0.03
60.8,2.34,1.33,0.04
60.8,2.34,1.33,0.04
61.1,2.26,1.36,0.03
61.1,2.26,1.36,0.03
61.19,1.89,1.16,0.06
61.11,2.55,1.18,0.06
60.98,2.13,1.22,0.06
58.95,3.32,1.77,0.06
60.98,2.02,1.27,0.04
60.21,2.74,1.57,0.06
60.4,2.37,1.43,0.06
58.94,2.86,1.39,0.05
58.38,3.34,2.02,0.06
62.08,2.26,1.26,0.06
62.08,3.1,0.98,0.05
61.81,2.16,1.22,0.05
60.53,2.54,1.27,0.05
63.4,1.57,0.99,0.06
62.54,1.89,1.24,0.05
61.33,2.18,1.23,0.06
59.74,2.72,1.57,0.06
60.44,2.44,1.25,0.05
59.89,2.4,1.23,0.04
59.69,2.64,1.33,0.04
60.77,2.21,1.05,0.04
60.6,2.24,1.16,0.03
59.41,2.66,1.31,0.04
58.71,2.87,1.57,0.04
61.15,2.65,1.43,0.03
60.47,3.31,2.03,0.04
60.56,2.77,1.53,0.04
60.11,3.1,1.51,0.03
60.62,2.01,1.24,0.07
61.1,1.7,1.17,0.06
60.46,2.4,1.43,0.07
60.66,2.1,1.4,0.07
59.76,2.96,1.8,0.08
60.39,2.31,1.49,0.06
60.72,2.04,1.42,0.06
60.71,2.69,1.33,0.06
57.75,4.35,1.92,0.06
58.83,3.22,1.81,0.06
63.1,1.85,0.88,0.05
62.67,2.25,0.93,0.05
61.36,2.35,1.15,0.05
61.68,2.35,1.33,0.07
63.24,1.59,0.82,0.05
62.37,2.19,1.09,0.05
62.45,2.1,1.28,0.06
60.45,3.11,1.89,0.06
62.07,2.31,1.14,0.04
60.91,2.65,1.18,0.04
61.58,2.11,1.05,0.04
60.97,2.52,1.42,0.05
61.45,2.65,1.43,0.04
62.02,2.3,1.46,0.04
61.64,2.77,1.64,0.04
62.12,2.29,1.42,0.03
60.95,2.22,1.25,0.03
60.99,2.38,1.38,0.04
62.37,2.09,1.16,0.03
61.13,2.57,1.35,0.03
60.08,3.26,1.56,0.03
58.06,3.46,2.18,0.07
60.65,2.42,0.96,0.07
60.62,2.68,1.11,0.07
60.34,2.34,1.18,0.07
59.16,3.65,1.87,0.06
60.42,2.57,1.33,0.05
60.5,2.62,1.29,0.05
61.26,2.04,1.18,0.05
59.22,3.17,1.61,0.06
58.21,3.29,1.88,0.07
60.29,2.59,1.42,0.07
60.85,2.05,1.02,0.06
61.75,2.03,1.01,0.05
59.72,2.94,1.4,0.06
63.06,1.65,1.06,0.05
62.24,1.88,1.29,0.05
60.7,2.55,1.28,0.06
60.47,2.55,1.33,0.06
60.43,2.37,1.2,0.05
58.66,2.79,1.73,0.05
58.63,2.86,1.47,0.05
60.71,2.66,1.48,0.04
60,2.47,1.48,0.05
60.76,2.12,1.07,0.04
60.1,2.74,1.35,0.05
60.16,3.23,1.58,0.04
60.39,2.4,1.47,0.07
60.43,2.56,1.37,0.08
60.23,2.76,1.47,0.08
60.34,2.38,1.13,0.05
59.51,2.83,1.14,0.05
59.65,2.44,1.15,0.04
59.23,2.62,1.45,0.05
60.07,2.42,1.24,0.05
57.22,4.08,1.95,0.07
60.25,2.25,1.04,0.05
60.97,2.17,0.86,0.05
60.33,2.44,1.12,0.05
61.01,2.28,1.01,0.04
61,2.71,0.93,0.05
61.16,2.55,1.07,0.05
59.35,2.97,1.41,0.07
59.28,3.16,1.37,0.07
60.37,2.43,0.84,0.07
58.98,3.07,1.12,0.06
59.73,2.63,1.06,0.05
60.5,2.31,1.02,0.05
60.09,2.56,0.79,0.03
59.95,2.5,0.97,0.03
60.33,2.47,1.19,0.03
59.98,2.44,1.14,0.03
59.52,2.71,1.14,0.03
60.27,2.37,1.19,0.03
60.74,2.78,1.32,0.03
59.46,3.04,1.68,0.09
61.17,1.94,1.23,0.07
60.35,2.18,1.43,0.07
60.23,2.39,1.55,0.08
61.58,1.76,1.11,0.05
59.49,2.93,1.74,0.07
60.74,2.1,1.34,0.05
61.13,1.82,1.17,0.05
60.76,2.24,1.09,0.05
59.12,3.87,1.4,0.06
58.6,3.01,1.76,0.06
62.25,1.86,0.83,0.05
63.34,2.02,0.74,0.04
61.68,2.18,0.96,0.05
59.37,3.17,1.48,0.05
63.33,1.57,0.98,0.05
61.65,2.17,1.1,0.04
62.25,3.25,1.2,0.05
62.52,2.49,1.55,0.06
62.51,2.3,1.27,0.05
60.67,2.72,1.48,0.05
62.34,2.03,1.07,0.04
60.38,2.62,1.52,0.04
62.55,2.05,1.09,0.03
62.82,1.97,0.98,0.03
61.42,2.24,1.52,0.03
61.89,2.22,1.22,0.03
59.73,2.87,1.47,0.04
59.79,3.14,1.5,0.03
60.51,2.84,1.48,0.04
60.21,3.17,1.45,0.06
59.93,2.4,1.54,0.08
60.1,2.45,1.3,0.06
59.96,2.49,1.21,0.06
59.79,2.35,1.14,0.05
59.19,3.14,1.26,0.05
59.42,2.6,1.19,0.05
59.07,2.71,1.56,0.05
58.06,3.2,1.85,0.05
57.49,3.52,1.83,0.06
58.86,3.23,1.44,0.07
60.96,2.55,1.13,0.07
59.26,2.85,1.3,0.07
61.29,2.39,1.4,0.06
62.32,1.97,1.12,0.05
61.81,2.14,1.21,0.05
61.32,2.24,1.08,0.04
59.89,2.56,1.15,0.06
59.73,2.42,1.04,0.05
59.41,2.88,1.16,0.05
59.65,2.76,1.19,0.04
59.39,2.95,1.48,0.04
61.73,2.66,1.19,0.07
60.75,3.05,1.49,0.08
60.07,2.75,1.18,0.07
59.87,2.64,1.37,0.06
59.42,2.87,1.3,0.06
60.76,2.55,1.25,0.06
60.49,2.7,1.39,0.05
59.45,3.06,1.65,0.07
59.88,3.03,1.46,0.07
61.37,2,0.91,0.05
61.81,1.95,1,0.05
60.03,3.51,1.05,0.04
62.28,1.93,0.85,0.05
61.1,2.59,1.21,0.06
60.73,2.4,1.08,0.07
60.98,2.28,1,0.1
60.93,2.2,1.12,0.1
58.16,3.05,1.99,0.11
59.38,2.33,1.36,0.08
57.62,3.3,2.49,0.09
58.74,2.64,1.46,0.1
59.37,2.71,1.33,0.09
58.51,2.78,1.52,0.1
59.76,2.39,0.98,0.08
59.93,2.36,1.03,0.07
60.71,2.28,1.12,0.06
58.53,3.25,1.72,0.06
60.98,2.4,1.3,0.06
62.58,1.81,0.97,0.05
62.13,2.17,1.22,0.05
58.31,2.97,1.55,0.06
62.18,2.08,1,0.05
62.21,1.86,0.99,0.04
62.51,2.05,1.01,0.04
60.48,2.97,1.47,0.05
60.99,2.58,1.2,0.04
61.07,2.76,1.17,0.04
59.43,3.31,1.46,0.04
59.55,4.37,2.28,0.03
60.13,3.61,1.94,0.03
58.54,3.86,1.89,0.03
61.63,2.37,1.26,0.03
61.71,2.3,1.03,0.03
59.04,3.73,1.79,0.02
62.43,2.6,1.37,0.03
61.39,3.06,1.52,0.03
60,3.52,1.17,0.09
61.24,2.04,1.42,0.08
60.9,2.24,1.51,0.08
61.29,2.16,1.47,0.07
61.11,2.39,1.57,0.07
60.96,2.01,1.31,0.06
61.05,2.33,1.33,0.06
61.27,1.98,1.03,0.05
61.08,2.18,1.42,0.05
57.69,4.29,2.3,0.06
59.97,2.83,1.55,0.06
63.31,1.7,0.86,0.05
61.79,2.29,1.06,0.06
59.41,3.19,1.66,0.05
62.48,1.68,0.88,0.05
61.74,2.08,1.07,0.05
61.7,2.6,1.38,0.05
63.01,2.22,1.3,0.05
61.74,2.6,0.9,0.04
61.22,2.33,1.31,0.04
61.05,2.92,0.89,0.03
61.05,3.02,0.99,0.03
63.02,1.75,1.04,0.03
62.99,1.84,0.94,0.03
61.92,2.17,1.46,0.03
60.49,3.01,1.29,0.03
59.76,3.44,1.47,0.04
59.7,3.25,1.75,0.04
60.1,2.94,2.06,0.03
59.4,3.55,2.25,0.04
59.67,3.69,1.9,0.09
58.78,3.35,1.68,0.08
59.34,2.92,1.57,0.08
60.84,2.34,1.13,0.07
59.71,2.83,1.28,0.07
59.96,2.95,1.16,0.07
58.57,3.79,1.71,0.06
60.06,2.99,1.5,0.06
60.28,2.77,1.43,0.07
63.44,1.72,0.88,0.06
62.18,2.06,0.94,0.05
62.79,2.02,1.13,0.06
62.4,2.1,1.04,0.05
62.55,1.7,0.92,0.06
60.23,2.63,1.62,0.08
60.23,2.63,1.62,0.08
61.22,2.9,1.41,0.07
61.22,2.9,1.41,0.07
62.05,2.05,1.08,0.05
62.05,2.05,1.08,0.05
58.81,3.73,1.84,0.06
58.81,3.73,1.84,0.06
62.71,2.1,0.86,0.04
62.71,2.1,0.86,0.04
62.66,2.47,1.16,0.05
62.66,2.47,1.16,0.05
61.71,2.82,1.42,0.06
61.71,2.82,1.42,0.06
61.3,2.66,1.31,0.05
61.3,2.66,1.31,0.05
59.43,3.41,1.43,0.04
59.43,3.41,1.43,0.04
59.71,3.53,1.44,0.03
59.71,3.53,1.44,0.03
59.56,4.17,1.42,0.03
59.56,4.17,1.42,0.03
61.91,1.96,1.26,0.06
60.9,2.28,1.39,0.06
60.76,2.35,1.32,0.06
60.17,2.68,1.29,0.06
59.94,2.83,1.3,0.06
60.26,2.63,1.22,0.06
59.5,2.8,1.3,0.05
59.1,3.78,1.23,0.05
59.44,3.49,0.97,0.04
56.88,4.44,1.98,0.07
62.38,2.1,0.79,0.05
61.68,2.39,1.02,0.05
58.23,3.46,1.47,0.04
62.08,2.22,1.08,0.05
62.42,2.14,1,0.05
62.65,2.27,0.99,0.05
59.73,3.66,1.44,0.05
58.92,3.43,1.49,0.07
61.5,2.22,1.52,0.08
60.81,2.66,1.53,0.09
60.86,2.4,1.44,0.07
59.78,3.21,1.76,0.06
61.01,2.5,1.76,0.07
60.5,3.07,1.61,0.06
61.36,2.05,1.24,0.06
60.39,3.06,1.5,0.05
60.5,2.5,1.35,0.07
62.58,1.7,0.62,0.04
61.78,2.79,0.88,0.05
61.72,2.29,1.21,0.05
61.68,2.32,1.12,0.06
62.05,2.07,0.93,0.05
60.97,3.14,1.06,0.05
61.2,2.97,1.44,0.05
61.61,2.63,1.49,0.05
62.22,2.05,1.26,0.06
59.65,2.63,1.41,0.05
59.45,2.76,1.54,0.04
56.59,3.93,1.77,0.04
57.8,3.98,1.26,0.03
57.51,4.63,1.36,0.03
62.37,2.1,1.12,0.04
60.29,3.26,1.74,0.04
59.04,4.13,1.98,0.04
59.9,4.07,1.59,0.03
59.63,3.43,2.29,0.09
61.58,2.19,1.21,0.09
59.82,3.18,1.5,0.07
61.4,2.35,1.44,0.06
60.49,2.85,1.55,0.06
61.51,2.19,1.15,0.05
56.2,5.21,3.06,0.06
58.33,3.52,1.67,0.07
63.32,1.82,0.81,0.05
61.73,2.4,1.14,0.06
58.7,3.46,1.66,0.05
59.26,3.49,1.81,0.06
62.32,2.02,1.09,0.06
62.19,2.17,1.27,0.06
61.56,2.17,1.28,0.06
60.76,2.97,1.69,0.06
60.89,2.56,1.33,0.06
60.52,2.44,1.18,0.04
60.77,2.48,1.01,0.03
59.73,2.81,1.19,0.03
60.18,3,1.13,0.03
60.02,3.08,1.32,0.03
60.8,3.01,1.14,0.02
58.7,3.31,1.83,0.09
58.65,3.52,1.75,0.1
58.85,3.13,1.54,0.1
59.21,2.53,1.55,0.08
58.84,2.83,1.4,0.08
58.99,3.15,1.21,0.07
60.42,2.97,1.33,0.07
60.89,2.63,1.18,0.07
62.46,1.95,0.99,0.06
62.69,1.83,0.89,0.05
60.86,2.56,1.14,0.06
62.97,1.76,0.86,0.05
61.63,2.22,1.07,0.06
61.67,2.29,1.16,0.05
59.66,3.13,1.67,0.06
60.27,2.81,1.24,0.05
60.39,2.87,1.14,0.04
60.66,2.21,0.85,0.11
60.34,2.48,1.39,0.1
57.34,3.68,2.72,0.12
58.24,4.49,2.68,0.13
59.38,4.09,1.98,0.11
59.15,2.55,1.31,0.09
56.61,3.85,2.61,0.1
58.64,2.59,1.6,0.1
59.04,2.62,1.32,0.09
59.24,2.47,1.29,0.07
58.28,2.99,1.95,0.05
58.64,3.01,1.73,0.04
61.34,2.05,1.17,0.05
61.56,1.63,1.25,0.05
60.75,1.85,0.99,0.04
60.85,2.16,1.49,0.06
61.07,2.17,1.47,0.06
61.55,2.17,1.71,0.05
62.79,1.43,0.94,0.04
61.37,1.74,1.09,0.04
61.95,1.77,1.04,0.05
62.18,1.59,0.94,0.04
60.68,2.09,1.38,0.04
62.6,1.55,0.9,0.03
62.45,1.39,0.75,0.03
61.88,1.57,0.84,0.03
62.78,1.53,0.74,0.03
59.72,3.18,1.6,0.03
60.43,3.64,1.69,0.03
58.52,3.52,2.49,0.03
62.07,2.52,1.49,0.08
60.59,2.5,1.5,0.08
60.03,3.06,1.68,0.08
58.69,4.79,2.06,0.08
61.47,2.24,1.28,0.07
61.18,2.55,1.22,0.06
61.16,2.52,1.3,0.06
58.75,5.93,1.43,0.05
58.12,4.21,1.93,0.05
62.59,2.47,1.02,0.05
60.78,5.98,0.72,0.04
62.76,2.32,0.91,0.05
60.69,3.37,1.64,0.05
64.64,1.74,0.8,0.05
63.36,2.2,1.08,0.05
63.15,2.06,1.01,0.05
59.84,3.24,1.59,0.06
60.64,3.41,1.39,0.04
57.4,3.79,1.54,0.05
59.74,3.41,1.56,0.05
62.33,2.59,1.24,0.04
60.88,2.73,1.34,0.04
60.92,2.58,1.31,0.04
61.71,2.46,0.97,0.04
58.58,3.16,2.21,0.09
60.41,2.6,1.53,0.09
60.81,2.51,1.22,0.09
60.17,2.77,1.53,0.09
58.17,6.47,1.61,0.08
61.04,2.31,1.35,0.06
60.07,2.8,1.57,0.06
62.22,1.71,0.94,0.05
60.71,2.18,1.59,0.06
59.18,2.97,1.77,0.06
59.71,2.84,1.9,0.07
61.49,2.28,1.14,0.06
63.58,2.14,0.55,0.04
60.78,3.64,1.06,0.06
62.2,2.3,1.01,0.05
63.68,1.5,0.91,0.05
62.28,1.78,1.12,0.06
60.91,3.45,1.28,0.06
62.34,2.83,1.15,0.05
60.74,2.98,1.75,0.06
60.86,3.46,1.17,0.04
61.65,2.1,1.26,0.04
57.97,2.72,1.39,0.04
59.28,3.22,1.09,0.03
60.78,2.65,1.63,0.03
61.02,2.24,1.27,0.03
61.09,2.32,1.1,0.02
58.86,3.03,1.62,0.1
58.84,3.06,1.53,0.11
58.78,2.68,1.38,0.09
58.86,2.61,1.41,0.09
58.88,2.82,1.54,0.08
58.62,3.23,1.31,0.07
58.03,3.66,1.79,0.06
58.14,3.73,1.6,0.08
62.58,1.56,0.89,0.06
61.72,1.94,1.13,0.06
59.5,2.33,1.42,0.07
61.38,2.12,1.33,0.07
62.1,2,1.2,0.06
62.52,1.84,1.17,0.05
61.88,2.1,1.29,0.05
60.67,2.61,1.49,0.05
59.91,2.43,1.44,0.06
59.62,2.63,1.32,0.05
58.64,3.09,1.69,0.05
58.72,3.68,2.37,0.04
59.52,3.13,1.96,0.03
61.22,3.12,1.53,0.03
60.57,2.73,1.42,0.03
60.5,3.35,1.55,0.07
60.5,3.35,1.55,0.07
60.9,2.67,1.59,0.07
60.9,2.67,1.59,0.07
61.3,2.24,1.35,0.06
61.3,2.24,1.35,0.06
60.9,2.7,1.23,0.05
60.9,2.7,1.23,0.05
62,2.25,1.02,0.05
62,2.25,1.02,0.05
61.7,2.45,1.38,0.06
61.7,2.45,1.38,0.06
61.6,2.6,1.48,0.06
61.6,2.6,1.48,0.06
60.6,2.91,1.43,0.05
60.6,2.91,1.43,0.05
58.5,4.15,1.69,0.04
58.5,4.15,1.69,0.04
59.69,2.77,1.72,0.1
60.89,2.9,1.26,0.1
59.88,2.7,1.55,0.09
60.87,2.41,1.32,0.07
60.9,2.51,1.32,0.07
59.06,3.22,1.97,0.06
58.12,3.94,2.32,0.06
58.36,3.59,1.79,0.08
61.94,2.2,1.15,0.07
61.36,2.44,1.21,0.05
58.92,3.52,1.59,0.06
61.1,2.78,1.57,0.06
61.92,2.26,1.17,0.06
62.09,2.2,1.11,0.06
62.19,2.32,1.23,0.05
56.48,6.02,3.8,0.05
60.65,3.03,1.51,0.06
59.46,3.19,1.41,0.04
59.88,3.15,1.59,0.04
60.2,2.91,1.15,0.03
60.68,2.64,1.36,0.03
61.17,2.57,1.28,0.03
59.48,3.6,1.64,0.03
59.29,3.91,1.68,0.03
58.77,4.86,1.61,0.02
59.49,3.16,1.69,0.08
61.3,2.62,1.43,0.08
60.9,2.58,1.25,0.09
60.46,2.56,1.35,0.09
59.21,3.47,2.05,0.07
59.71,3.03,1.29,0.06
61.16,2.12,1.33,0.05
59.2,3.95,1.54,0.05
58.42,3.52,1.74,0.06
61.27,2.55,1.29,0.06
63.34,1.77,0.89,0.06
61.2,2.47,1.28,0.07
60.17,2.75,1.37,0.05
63.09,1.88,1.01,0.05
61.84,2.29,1.26,0.06
62.61,2.04,1.17,0.05
61.59,3.89,1.01,0.04
60.77,2.67,1.36,0.05
57.72,4.95,1.36,0.05
60.41,3.55,1.17,0.04
58.9,5.39,1.35,0.04
61.04,3.35,1.08,0.03
60.78,3.01,1.51,0.04
60.05,4.47,1.34,0.03
59.42,4.1,1.69,0.03
59.65,2.72,1.12,0.08
58.62,2.47,1.31,0.09
59.37,2.21,1.23,0.07
58.99,2.56,1.58,0.08
58.85,2.63,1.4,0.07
59.84,2.5,1.32,0.06
58.61,3.01,1.62,0.06
58.3,3.49,1.81,0.08
57.91,3.98,1.71,0.08
60.7,2.48,1.3,0.07
61.72,1.92,0.94,0.06
62.09,1.83,1.21,0.06
61.65,1.87,1.28,0.07
62.16,2.13,1.23,0.05
57.5,4.79,2.94,0.06
61.17,2.23,1.05,0.05
59.58,2.85,1.67,0.05
60.33,2.6,1.46,0.05
60.23,2.79,1.54,0.04
59.7,3.03,1.85,0.03
60,3.1,1.83,0.02
61.97,2.24,1.15,0.02
61.11,2.1,1.17,0.07
59.49,3.54,1.73,0.08
61.19,2.34,0.98,0.06
58.7,3.62,1.79,0.07
59.96,3.9,1.24,0.06
59.74,2.67,1.33,0.05
61.79,1.98,1.13,0.06
61.61,2.17,1.24,0.06
57.86,3.59,2.11,0.06
59.37,2.87,1.6,0.06
61.33,3.53,0.78,0.04
61.97,2.46,0.98,0.05
61.55,2.83,1.17,0.05
61.72,3.03,1.41,0.06
62.37,2.22,0.99,0.04
63.42,2.62,1.12,0.05
62.56,2.77,1.24,0.05
61.74,3.16,1.33,0.04
62.58,2.4,1.14,0.04
60.3,3.33,1.46,0.05
62.98,2.42,0.95,0.04
62.58,2.19,1.06,0.04
60.83,3.09,1.5,0.04
62.02,2.34,1.18,0.04
58.08,5.22,1.59,0.03
60.39,2.56,1.49,0.09
60.34,2.54,1.48,0.09
60.97,2.22,1.26,0.08
59.88,2.6,1.63,0.08
59.73,2.97,1.64,0.08
61.59,1.95,1.21,0.06
61.32,2.21,1.4,0.07
60.46,2.58,1.47,0.07
58.76,3.3,1.87,0.09
62.52,2.01,1.01,0.06
62.16,1.93,1.26,0.05
62.71,2.07,1.2,0.04
60.97,2.43,1.24,0.05
61.87,2.36,1.3,0.06
61.86,2.55,1.38,0.06
61.33,2.55,1.37,0.06
58.66,3.72,2.05,0.07
61.57,2.6,1.38,0.05
61.11,3.03,1.43,0.04
59.77,3.96,1.55,0.04
62.8,2.11,0.95,0.03
61.08,2.79,1.25,0.03
61.88,1.81,0.71,0.02
61.04,2.91,0.73,0.03
59.32,3.97,1.32,0.03
60.13,2.85,1.63,0.04
59.22,4.17,1.72,0.03
60.16,3.62,1.56,0.03
58.19,2.84,1.89,0.11
59.45,2.33,1.26,0.1
59.86,2.42,1.14,0.09
59.5,2.52,1.28,0.12
58.95,2.28,1.55,0.1
59.77,2.15,1.12,0.08
60.05,2.15,1.18,0.07
60.26,1.65,0.88,0.03
60.8,1.9,0.91,0.04
60.46,2.04,1,0.04
60.5,2.03,1,0.04
60.84,1.91,0.91,0.03
60.49,2.27,1.05,0.04
59.82,2.48,1.21,0.05
63.18,1.75,0.99,0.04
62.24,1.59,0.95,0.04
62.51,1.4,0.78,0.03
60.65,1.96,1.37,0.04
61.65,1.55,0.83,0.03
60.93,2.2,1.15,0.05
61.77,2.03,0.98,0.04
61.78,1.86,1.15,0.04
62.2,2.04,1.15,0.03
62.14,1.98,1.34,0.03
61.73,2.19,1.44,0.04
61.3,2.28,1.32,0.03
60.31,2.69,2.01,0.04
59.16,3.62,2.31,0.03
60.76,2.68,1.15,0.02
60.84,2.3,1.13,0.02
58.72,3.48,1.48,0.03
61.55,2.81,1.69,0.08
61.74,2.56,1.29,0.08
61.4,2.38,1.31,0.08
61.18,2.59,1.24,0.09
59.72,4.1,1.67,0.06
61.74,2.29,1.24,0.05
59.43,3.42,1.86,0.06
57.94,4.21,1.76,0.08
63.87,1.78,0.7,0.04
62.38,2.33,1.13,0.05
59.61,3.6,1.67,0.05
61.83,2.88,1.3,0.05
62.31,2.46,1.25,0.06
62.28,2.88,1.31,0.05
61.95,3.17,1.32,0.04
60.75,3.37,1.72,0.06
58.46,5.68,2.52,0.05
59.49,3.56,1.71,0.03
60.38,3.28,1.39,0.03
58.82,4.68,2.69,0.03
59.88,3.13,1.95,0.03
61.03,2.39,1.21,0.02
58.73,4.45,2.46,0.03
58.52,4.64,2.43,0.03
60.13,4.54,2.27,0.03
60.66,2.47,1.32,0.06
61.18,1.81,1.21,0.06
61.02,1.81,1.18,0.06
60.47,2.46,1.42,0.07
61.93,1.92,0.98,0.06
62.82,1.48,0.79,0.05
62.02,1.7,0.87,0.06
60.85,3.73,1.22,0.06
61.3,3.01,1.13,0.08
63.34,1.47,0.8,0.07
61.73,2.01,1.06,0.07
62.38,1.79,0.89,0.07
62.26,2.08,0.98,0.07
62.18,2.08,1.12,0.06
61.96,2.01,0.89,0.07
62.11,1.97,0.86,0.04
61.39,1.97,0.87,0.04
62.94,1.78,0.93,0.04
62.99,1.62,0.89,0.04
62.11,1.83,1.12,0.04
62.71,1.95,0.92,0.04
59.72,4.46,1.16,0.04
60.85,2.8,1.32,0.04
61.75,2.57,1.1,0.03
58.83,4.53,1.93,0.04
60.2,2.46,1.3,0.08
60.2,2.46,1.3,0.08
61,2.24,1.54,0.07
61,2.24,1.54,0.07
61.2,2.13,1.33,0.05
61.2,2.13,1.33,0.05
63.4,2.15,0.83,0.05
63.4,2.15,0.83,0.05
61.3,3.29,1.4,0.05
61.3,3.29,1.4,0.05
61.7,2.77,1.22,0.05
61.7,2.77,1.22,0.05
60.1,3.09,1.7,0.06
60.1,3.09,1.7,0.06
62,2.08,1.28,0.05
62,2.08,1.28,0.05
60.8,2.93,1.23,0.03
60.8,2.93,1.23,0.03
58.96,3.43,2.1,0.11
60.95,3.46,1.34,0.1
59.94,2.57,1.08,0.08
59.04,2.85,1.69,0.08
61.38,2.34,1.07,0.09
60.5,2.52,1.34,0.08
61.09,2.47,1.5,0.06
59.58,3.25,1.81,0.06
56.2,5.04,2.54,0.07
59.71,2.7,1.11,0.07
62.34,2.28,0.99,0.06
62.14,2.08,1.11,0.07
62.21,2.26,1.05,0.06
63.68,1.7,0.9,0.04
63.12,2.05,1.12,0.05
63.51,1.55,0.94,0.04
61.76,2.73,1.48,0.05
62.32,2.15,1.13,0.05
61.57,2.51,1.13,0.04
60.86,3.42,1.19,0.04
60.53,3.63,1.36,0.04
62.68,2.04,0.9,0.03
61.9,2.56,1.14,0.03
63.01,2.14,1.03,0.03
60.37,3.48,1.3,0.02
59.75,2.29,0.85,0.08
60,2.88,1.12,0.1
59.83,2.97,1.33,0.12
58.95,2.78,1.39,0.1
58.23,2.55,1.46,0.09
58.4,2.7,1.55,0.08
58.77,2.68,1.44,0.08
57.91,3.43,2.49,0.05
58.48,3.52,1.89,0.07
62.25,2.34,1.2,0.07
61.59,2.2,1.29,0.06
61.19,2.48,1.29,0.06
62.71,1.92,1.1,0.07
61.41,2.22,1.33,0.08
61.93,2.05,1.29,0.06
57.81,4.27,2.91,0.07
61.74,2.08,1.2,0.05
60.91,2.26,1.2,0.05
61.19,2.01,1.01,0.04
61.32,2.07,1.04,0.04
61.31,2.18,1.07,0.03
60.55,2.56,1.25,0.03
60.62,2.53,1.3,0.03
59.8,3.25,1.87,0.03
59.49,3.2,1.9,0.03
61.59,2.54,1.46,0.08
61.77,2.63,1.31,0.09
60.38,3.02,1.46,0.09
60.92,2.56,1.07,0.08
61.65,2.15,1.26,0.06
59.33,4.34,1.48,0.05
56.24,5.46,2.9,0.06
59.26,3.54,1.39,0.07
62.41,2.45,0.93,0.06
61.95,2.48,0.96,0.05
58.05,4.23,1.64,0.05
62.34,2.03,1.04,0.06
60.92,3.08,1.5,0.06
62.41,2.67,1.17,0.06
60.85,3.03,1.73,0.07
62.34,2.46,1.4,0.06
61.28,3.02,1.19,0.04
55.22,7.12,2.09,0.03
61.39,3.2,1.07,0.03
58.38,5.89,1.77,0.03
60.83,3.5,1.3,0.02
59.53,4.35,1.82,0.08
61.65,2.16,1.05,0.07
61.22,2.46,1.17,0.07
60.39,3.33,1.21,0.07
60.31,3.49,1.44,0.07
61.12,2.12,1.25,0.06
59.83,3.08,1.54,0.07
60.88,2.19,1.06,0.06
61.63,1.89,1.02,0.05
59.4,3.63,1.73,0.05
58.63,3.26,1.72,0.06
63.19,1.78,0.71,0.04
61.21,2.05,0.89,0.04
61.56,2.82,1.19,0.05
61.34,3.31,1.46,0.05
63.2,2.1,0.97,0.05
62.35,2.62,1.23,0.05
61.54,2.83,1.13,0.05
61.74,2.6,1.09,0.04
60.72,2.68,1.46,0.09
60.96,3.2,1.75,0.1
60.45,2.86,1.48,0.09
59.98,2.69,1.21,0.07
60.26,2.78,1.44,0.07
60.43,2.53,1.53,0.06
59.67,3.07,1.64,0.06
59.05,3.57,1.61,0.07
63.17,2.19,0.92,0.05
61.59,2.44,1.1,0.05
60.32,3.2,1.24,0.04
63.31,2.11,0.99,0.05
62,2.74,1.36,0.06
61.58,2.83,1.5,0.06
62.38,2.54,1.47,0.06
61.07,3.2,1.58,0.05
60.44,3.52,1.71,0.05
60.43,3.07,1.48,0.04
60.95,3.35,1.11,0.03
59.43,4.9,1.6,0.03
60.45,3.64,1.4,0.03
62.99,1.82,1,0.08
61.51,2.26,1.28,0.09
60.56,2.55,1.4,0.08
59.32,3.09,1.63,0.1
59.47,3.31,1.54,0.08
60.04,2.83,1.7,0.06
58.03,4.49,1.43,0.06
59.27,3.04,1.62,0.07
58.59,3.74,1.96,0.07
62.8,2.18,0.83,0.05
61.37,2.44,1.21,0.06
59.73,2.79,1.28,0.05
62.29,2.19,1.23,0.06
61.49,2.57,1.47,0.06
61.59,2.69,1.53,0.05
61.8,2.45,1.57,0.06
62.36,2.09,1.21,0.06
61.29,2.9,1.56,0.05
61.72,2.14,1.29,0.04
61.96,2.32,1.35,0.04
60.11,3.28,1.73,0.04
60.72,2.64,1.35,0.03
61.19,2.42,1.41,0.04
60.06,3.68,1.62,0.05
60.7,4.11,1.48,0.03
59.9,4.52,1.75,0.03
57.17,5.57,2.8,0.03
61.24,2.16,1.15,0.08
61.39,2.08,1.16,0.08
61.06,2.71,1.6,0.08
61.6,2.26,1.21,0.08
59.98,2.61,1.53,0.08
60.88,2.21,1.35,0.06
59.87,2.46,1.56,0.06
60.93,2.34,1.35,0.06
60.14,2.26,1.34,0.05
59.64,2.9,1.87,0.06
61.42,3.49,1.06,0.05
62.63,2.36,0.75,0.05
63.42,2.62,0.83,0.04
61.53,2.92,1.07,0.04
60.81,3.43,1.47,0.05
62.39,2.78,1.2,0.05
59.85,3.13,1.3,0.04
58.54,2.84,1.37,0.05
58.06,3.05,2.08,0.1
59.17,3.12,1.62,0.1
59.76,2.71,1.3,0.1
59.13,2.61,1.23,0.1
59.19,2.37,1.35,0.09
59.61,2.22,1.15,0.08
59.77,2.14,1.17,0.07
59.49,2.31,1.26,0.07
58.47,3.04,1.84,0.07
57.21,4.14,1.83,0.08
62.49,1.99,1.04,0.06
61.08,2.23,1.25,0.07
60.79,2.65,1.25,0.06
62.81,1.83,1.02,0.06
62.29,1.94,0.98,0.06
62.37,1.84,0.82,0.06
60.88,2.16,1.19,0.05
61.14,1.71,1.06,0.05
61.6,1.67,0.9,0.04
61.07,2.24,1.33,0.04
60.78,2.03,1.4,0.03
60.93,2.07,1.44,0.03
60.75,2.26,1.25,0.03
60.81,2.11,1.24,0.03
61.13,2.6,1.6,0.03
60.4,2.86,1.55,0.03
60.17,2.91,1.66,0.03
61.07,2.69,1.58,0.02
60.98,2.27,1.08,0.09
62.38,2.58,1.18,0.09
61.8,2.47,1.21,0.09
59.41,2.96,1.52,0.08
59.12,3.72,1.5,0.07
59.73,3.32,1.61,0.08
60.12,2.8,1.61,0.06
57.94,4.14,2.22,0.09
61.22,2.75,1.31,0.06
63.3,1.86,0.85,0.04
62.29,2.36,1.09,0.05
59.51,4.38,2.05,0.06
63.74,2.01,0.95,0.05
61.34,3,1.74,0.05
62.69,2.4,1.32,0.05
60.62,3.04,1.74,0.06
60.78,3.46,1.66,0.06
61.58,2.93,1.43,0.05
60.38,3.3,1.63,0.04
60.2,5.05,1.35,0.04
60.85,4.7,1.31,0.03
59.89,4.55,1.81,0.04
60.58,3.71,1.51,0.04
61.24,3.21,1.38,0.09
60.77,3.87,1.7,0.09
60.62,3.03,1.09,0.1
59.72,2.71,1.5,0.09
60.84,2.34,1.2,0.07
60.83,2.36,1.18,0.09
59.81,2.85,1.28,0.06
60.3,2.65,1.42,0.06
59.27,3.44,1.78,0.06
59.52,3.47,1.44,0.08
63.03,2.19,0.97,0.06
62.09,2.16,1.04,0.06
61.4,2.5,1.1,0.06
61.21,2.41,1.32,0.08
61.38,2.06,1.23,0.06
61.48,2.49,1.32,0.06
62.58,2.01,1.04,0.05
60.6,2.76,1.57,0.06
61.92,2.04,1.02,0.05
62.16,2.06,1.04,0.04
60.44,3.1,1.44,0.04
61.03,3.35,1.94,0.09
60.47,2.87,1.49,0.09
59.32,2.97,2.08,0.09
59.4,3.3,1.76,0.09
58.95,3.28,1.61,0.08
60.75,2.54,1.42,0.06
59.48,3.09,1.32,0.06
61.59,2.51,1.1,0.07
62.9,1.86,0.9,0.06
62.5,1.97,1,0.05
61.68,2.5,1.29,0.06
62.31,2.22,1.15,0.06
62.55,1.84,0.97,0.05
62.79,1.74,1.04,0.05
59.82,3.28,2.24,0.08
62.31,2.31,1.25,0.06
61.58,3.13,1.3,0.05
61.69,2.31,1.29,0.05
61.88,2.42,0.98,0.04
59.66,4.12,1.27,0.04
63.01,1.57,0.92,0.03
59.92,4.55,1.15,0.04
59.47,4.75,1.24,0.04
62.12,3.27,1.41,0.03
60.93,3.85,1.78,0.04
61.53,2.07,1.3,0.09
61.1,2.66,1.54,0.1
60.82,2.29,1.37,0.09
60.14,2.74,1.45,0.08
59.32,3.06,1.42,0.06
62.29,2.17,1.24,0.06
59.82,3.6,1.62,0.06
57.68,4.03,1.97,0.08
61.65,2.57,1.19,0.06
62.14,2.13,0.98,0.05
61.44,2.95,1.2,0.05
59.69,3.88,2.2,0.06
62.98,2.37,1.25,0.05
61.43,2.91,1.64,0.06
62.92,2.26,1.36,0.05
62.23,2.13,1.16,0.05
61.21,2.48,1.25,0.05
60.76,2.97,1.28,0.03
61.3,3.06,1.09,0.03
62.76,1.33,0.58,0.06
62.67,1.17,0.49,0.05
62.41,1.32,0.45,0.05
60.86,1.81,0.76,0.07
60.03,2.05,1,0.11
60.13,1.96,1.01,0.11
59.13,1.76,2.64,0.05
57.22,3.18,3.59,0.03
56.43,3.64,3.36,0.03
57.07,3.18,3.25,0.05
58.91,2.79,1.81,0.06
54.82,4.16,2.03,0.04
56.74,3.87,3.3,0.02
58.77,2.24,2.03,0.01
55.8,3.89,3.1,0.02
60.12,3.09,1.99,0.08
60.09,2.9,1.81,0.08
61.62,2.78,1.27,0.09
60.76,3.03,1.57,0.07
59.38,3.59,1.98,0.07
61.18,2.37,1.31,0.06
60.46,2.49,1.78,0.07
60.35,2.72,1.58,0.06
59.01,3.26,1.9,0.07
61.41,2.39,1.18,0.06
64.09,1.44,0.73,0.05
62.7,2.09,0.98,0.05
60.06,2.86,1.45,0.05
63.35,1.77,0.92,0.05
61.41,2.36,1.49,0.06
62.06,2.17,1.36,0.06
62.04,2.26,1.43,0.06
60.87,3.15,1.73,0.06
61.65,2.49,1.34,0.05
59.93,3.73,1.3,0.04
61.78,2.07,1.52,0.04
61.15,1.86,0.8,0.03
60,2.41,0.8,0.03
60.8,3.13,1.03,0.05
60.66,2.46,1.21,0.05
60.89,2.16,1.17,0.05
60,2.99,1.47,0.06
60.47,2.42,1.53,0.06
61.39,1.66,1.01,0.05
60.76,2.47,1.24,0.06
61.37,2.15,1.23,0.06
60.81,2.14,1.32,0.06
58.68,2.92,2.07,0.07
60.07,3.34,1.46,0.06
62.83,3.43,0.62,0.04
59.58,4.83,0.83,0.04
59.67,3.94,1.32,0.05
59.75,5.07,1.35,0.05
62.66,3.01,1.11,0.05
61.95,3.51,1.33,0.05
57.21,8.44,1.77,0.04
60.93,3.58,1.58,0.05
61.34,3.05,1.34,0.04
60.8,4.06,1.43,0.04
60.83,2.55,1.34,0.09
60.83,2.55,1.34,0.09
59.38,3.27,1.68,0.09
59.38,3.27,1.68,0.09
60.21,2.9,1.39,0.06
60.21,2.9,1.39,0.06
58.63,4.03,2.09,0.06
58.63,4.03,2.09,0.06
58.26,4.6,2.16,0.06
58.26,4.6,2.16,0.06
61.3,4.01,0.95,0.05
61.3,4.01,0.95,0.05
61.72,2.51,1.38,0.05
61.72,2.51,1.38,0.05
62.45,2.17,1.29,0.06
62.45,2.17,1.29,0.06
62.01,2.48,1.37,0.06
62.01,2.48,1.37,0.06
61.39,2.64,1.33,0.05
61.39,2.64,1.33,0.05
60.63,3.85,1.2,0.03
60.63,3.85,1.2,0.03
61.45,3.04,1.08,0.03
61.45,3.04,1.08,0.03
60.9,4.36,1.79,0.04
60.9,4.36,1.79,0.04
59.59,2.74,1.56,0.13
58.41,3.61,2.11,0.11
59.93,3.66,1.63,0.11
59.5,3.11,1.5,0.11
59.46,2.49,1.4,0.1
59.75,2.71,1.27,0.07
59.08,3.12,1.56,0.08
58.87,2.9,1.86,0.07
58.77,3.04,1.81,0.06
56.31,4.5,2.43,0.06
58.94,3.17,1.59,0.08
63.18,1.94,0.91,0.05
62.23,2.03,1.08,0.06
61.66,2.1,1.1,0.06
62.37,1.97,1.19,0.07
62.36,1.93,1.2,0.06
62.99,1.56,0.76,0.04
60.69,2.58,1.24,0.05
61.06,2.47,1.09,0.05
62.06,2.06,1.03,0.04
60.38,2.6,1.33,0.04
60.42,2.5,1.21,0.04
61.61,2.49,0.79,0.03
59.15,3.57,1.36,0.03
60.91,3.3,0.9,0.02
60.23,2.54,1.56,0.09
60.45,2.51,1.5,0.1
60.54,2.55,1.4,0.1
59.75,2.84,1.54,0.09
58.72,3.77,1.68,0.09
59.7,3.39,1.49,0.07
61.21,2.07,1.11,0.05
60.43,2.71,1.59,0.07
58.66,3.16,1.82,0.08
59.79,2.59,1.38,0.06
62.87,1.76,0.81,0.05
61.66,2.1,1.02,0.07
59.06,3.71,1.72,0.06
63.39,1.85,0.92,0.05
62.17,2.25,1.2,0.06
61.96,2.35,1.38,0.06
62.33,2.1,1.32,0.06
61.15,2.84,1.4,0.05
59.71,5.65,1.18,0.05
59.24,5.21,1.45,0.04
59.65,4.87,1.49,0.05
60.95,4.12,1.22,0.04
59.06,5.33,1.35,0.03
59.48,5.34,1.18,0.04
61.45,2.13,1.16,0.07
59.74,2.87,1.58,0.09
61.37,2.19,1.36,0.07
58.78,3.59,1.73,0.08
61.3,2.06,1.22,0.07
61.86,1.92,1.18,0.06
61.82,1.96,1.24,0.06
59.64,2.68,1.68,0.06
58.77,3.13,1.91,0.07
61.52,2.79,1.16,0.06
61.97,2.06,1.06,0.05
62.55,2.39,0.87,0.05
59.32,4.12,1.24,0.05
62.82,2.3,1.2,0.05
62.92,2.55,1.09,0.05
61.42,3.23,1.38,0.06
61.26,3.2,1.42,0.05
60.03,3.34,1.59,0.05
61.37,2.64,1.25,0.04
59.21,3.14,1.74,0.1
59.24,2.91,1.37,0.11
59.05,2.54,1.1,0.1
58.63,2.49,1.4,0.09
58.44,2.6,1.59,0.08
58.64,2.67,1.54,0.07
59.15,2.36,1.35,0.07
58.47,2.93,1.68,0.07
58.24,3.04,1.78,0.07
58.47,3.36,1.71,0.07
60.86,2.36,1.33,0.07
62.63,1.61,1.01,0.06
59.78,2.26,1.36,0.06
60.18,2.2,1.25,0.06
61.53,1.58,0.89,0.04
61.32,1.96,1.15,0.06
62.52,1.65,1.04,0.05
58.18,3.68,2.76,0.06
61.53,1.76,1.24,0.05
62.43,1.7,1.13,0.04
61.93,1.91,1.23,0.04
60.99,2.4,1.89,0.04
62.37,1.93,1.29,0.04
60.87,2.4,1.44,0.05
62.68,1.64,0.95,0.04
61.91,1.79,0.97,0.03
60.85,2.71,1.44,0.03
62.56,1.96,0.93,0.02
59.99,3.14,1.38,0.03
59.37,2.57,1.52,0.03
60.67,2.45,1.5,0.03
61.77,2.29,1.44,0.09
59.88,3.32,2.2,0.08
60.1,2.95,1.8,0.08
59.37,3.09,1.66,0.1
59.99,2.78,1.67,0.07
61.1,2.17,1.4,0.06
60.76,2.47,1.18,0.07
62.16,2.27,1.05,0.06
63.17,1.76,0.86,0.05
62.5,1.98,1.05,0.05
62.89,2.17,1.09,0.05
62.87,1.81,1.01,0.05
62.63,2.17,1.34,0.06
63.86,1.63,0.99,0.05
61.68,2.32,1.4,0.06
61.22,2.67,1.18,0.05
60.65,3.53,1.21,0.05
58.68,5.18,1.59,0.05
60.61,5.25,0.99,0.04
61.38,3.25,1.33,0.04
62.07,2.87,1.23,0.04
59.31,4.63,1.62,0.04
59.08,4.22,1.72,0.04
61.09,3.51,1.52,0.03
59.74,2.84,1.63,0.08
59.96,2.74,1.6,0.07
60.17,2.65,1.25,0.07
58.37,3.74,1.88,0.07
61.73,2.17,1.46,0.07
61.68,2.39,1.49,0.07
61.62,2.29,1.41,0.06
60.12,2.85,1.62,0.07
58.97,3.17,1.46,0.06
63.7,1.66,0.79,0.04
63.44,1.71,0.83,0.05
62.96,1.99,0.98,0.04
58.32,3.16,1.52,0.05
63.05,1.75,1.02,0.06
62.44,2.2,1.29,0.06
62.77,1.76,1.12,0.06
60.05,3.29,1.91,0.06
62.46,2.16,1.11,0.05
62.28,2.23,1.18,0.05
61.26,2.56,1.39,0.04
61.57,2.47,1.2,0.04
62.52,1.53,0.9,0.03
61.53,2,1.27,0.03
62.39,1.85,1.15,0.04
60.05,3.3,1.72,0.05
60.03,3.71,1.81,0.05
59.97,3.8,1.29,0.03
62.35,2.36,1.27,0.1
62.46,2.56,1.2,0.09
60.62,2.64,1.56,0.09
60.58,2.68,1.34,0.09
60.66,2.57,1.29,0.07
61.27,2.6,1.52,0.07
57.47,4.48,2.85,0.11
60.4,3.08,1.31,0.07
63.12,1.97,0.88,0.06
61.9,2.53,1.2,0.06
62.07,2.36,0.98,0.06
62.57,2.34,1.26,0.05
62.35,2.61,1.4,0.06
62.7,2.09,1.15,0.05
60.33,3.27,1.65,0.05
61.96,2.8,1.35,0.05
61.09,3.51,1.1,0.04
60.52,2.67,1.54,0.06
60.48,2.96,1.51,0.06
61.35,2.1,1.2,0.06
59.24,3.46,1.64,0.06
58.72,4.07,1.69,0.06
60.57,2.26,1.13,0.06
60.27,2.53,1.1,0.05
61.48,1.72,0.91,0.05
60.9,2.05,1.28,0.06
59.02,2.99,1.58,0.06
58.86,3.38,1.55,0.05
61.45,3.95,0.74,0.04
59.25,4.1,1.2,0.04
55.49,7.83,1.76,0.04
61.75,4.17,0.97,0.04
60.41,5.68,1.19,0.04
62.14,3.79,1.39,0.05
60.32,5.15,1.77,0.04
60.13,5.02,1.77,0.04
57.86,5.7,1.86,0.05
60.45,3.19,1.59,0.04
61.33,3.02,1.33,0.04
59.1,2.83,1.96,0.09
59.94,2.48,1.4,0.08
59.93,2.49,1.25,0.08
59.78,2.51,1.11,0.07
59.1,2.82,1.7,0.08
58.88,3.06,1.82,0.08
58.47,3.74,1.84,0.06
57.8,4.1,1.7,0.06
58.09,3.55,1.54,0.06
58.13,2.86,1.45,0.06
56.77,3.05,2.2,0.07
56.21,3.18,2.57,0.06
59.16,2.24,2.18,0.07
59.39,2.36,1.72,0.07
61.09,2.17,1.59,0.07
61.6,1.82,1.18,0.06
59.39,3,1.38,0.05
58.87,2.69,1.87,0.06
59.3,2.57,1.87,0.05
58.13,3.79,1.49,0.04
62.26,2.2,1.24,0.1
61.21,2.89,1.77,0.1
61.03,2.64,1.48,0.09
60.26,2.87,1.49,0.09
59.64,3.14,1.77,0.08
61.12,2.28,1.33,0.06
58.59,3.38,1.76,0.07
59.05,3.18,1.45,0.08
62.9,1.7,0.83,0.05
61.39,2.74,1.18,0.06
61.34,2.23,1.21,0.06
58.6,2.92,1.68,0.06
62.47,2.14,1.23,0.06
62.95,1.99,1.08,0.05
62.82,1.93,1.22,0.06
61.46,2.5,1.57,0.06
62.25,2.46,1.06,0.05
61.88,2.37,1.15,0.05
60.22,2.85,1.86,0.04
60.64,4.64,1.31,0.04
58.71,7.98,1.38,0.04
61.48,3.09,1.35,0.04
60.81,4.11,1.49,0.04
59.18,4.93,1.5,0.04
60.26,4.82,1.57,0.03
60.27,2.52,1.49,0.07
60.47,2.44,1.31,0.08
59.85,3.23,1.65,0.08
61.17,2.31,1.33,0.07
59.29,3.78,1.64,0.07
60.58,2.49,1.6,0.06
60.69,2.49,1.57,0.06
58.38,3.93,2.02,0.07
60.89,2.1,1.05,0.06
64.65,1.46,0.6,0.04
62.38,1.63,0.86,0.05
61.73,2.02,1.06,0.05
60.64,2.89,1.66,0.07
62.86,1.82,1.05,0.06
61.39,2.36,1.54,0.06
62.3,1.75,1.24,0.06
61.75,2.08,1.59,0.07
61.14,2.41,1.31,0.05
61.23,2.31,1.34,0.04
60.93,2.63,1.62,0.05
61.99,2.24,1.17,0.04
61.09,2.33,1.1,0.03
61.3,2.77,1,0.03
62.12,2.14,1.27,0.04
59.77,3.34,1.99,0.08
61.19,2.48,1.27,0.07
61.02,2.39,1.33,0.08
60.9,2.55,1.57,0.07
60.15,2.96,1.84,0.08
60.75,2.59,1.72,0.07
60.57,2.66,1.4,0.06
61.38,2.11,1.43,0.06
59.17,3.04,1.91,0.07
59.05,3.84,1.76,0.06
62.46,2.14,1.23,0.06
63.49,1.67,0.8,0.05
62.62,1.92,0.89,0.05
61.94,2.85,1.24,0.05
61.74,2.03,1.05,0.05
60.73,4.57,1.29,0.05
61.75,2.86,1.18,0.05
58.39,5.06,1.84,0.06
60.83,3.02,1.53,0.08
63.78,1.21,0.68,0.08
63.37,1.26,0.84,0.11
62.57,1.83,1.16,0.09
60.04,2.37,1.52,0.13
60.36,1.99,1.61,0.11
58.14,3.14,2.53,0.12
59.12,2.22,1.64,0.08
58.67,2.65,1.83,0.08
61.01,1.1,0.88,0.07
60.26,2.05,1.36,0.07
60.76,2.03,1.3,0.05
60.25,2.51,1.57,0.06
60.88,2.09,1.5,0.05
62.36,1.95,1.47,0.04
60.38,2.95,1.64,0.04
60.07,2.65,2.05,0.04
59.59,2.05,1.65,0.03
59.63,2.05,1.41,0.03
59.61,2.34,1.48,0.03
63.05,1.81,1.37,0.03
62.92,1.84,1.43,0.03
58.87,2.83,2.83,0.03
60.73,2.08,0.83,0.02
52.71,5.46,2.51,0.02
56.75,3.09,1.26,0.02
60.94,1.49,0.66,0.02
60.56,2.1,0.95,0.02
60.53,3.12,0.87,0.02
61.32,2.46,1.28,0.03
61.09,2.59,0.99,0.03
61.11,2.56,1.27,0.03
60.48,2.65,1.59,0.07
60.48,2.65,1.59,0.07
60.32,3.45,1.66,0.06
60.32,3.45,1.66,0.06
61.01,2.42,1.41,0.06
61.01,2.42,1.41,0.06
61.88,2.25,1.06,0.05
61.88,2.25,1.06,0.05
62.47,2.08,0.99,0.05
62.47,2.08,0.99,0.05
62.03,2.23,1.2,0.05
62.03,2.23,1.2,0.05
62.26,1.97,1.16,0.05
62.26,1.97,1.16,0.05
61.52,2.52,1.34,0.06
61.52,2.52,1.34,0.06
61.51,2.92,1.5,0.04
61.51,2.92,1.5,0.04
61.85,1.98,1.18,0.03
61.85,1.98,1.18,0.03
59.03,4.54,1.88,0.04
59.03,4.54,1.88,0.04
62.61,2.05,1.23,0.1
60.08,2.79,1.62,0.09
60.77,2.57,1.43,0.09
60.13,2.58,1.4,0.09
60.08,2.66,1.55,0.08
59.95,2.82,1.58,0.07
56.78,4.63,2.94,0.08
58.65,3.6,1.74,0.1
61.5,2.46,1.2,0.07
61.18,2.4,1.21,0.06
61.11,2.44,1.18,0.06
60.27,2.69,1.28,0.06
61.46,2.98,1.33,0.06
63.97,1.92,0.92,0.04
63.43,2,1.06,0.04
60.29,3.45,1.15,0.06
59.33,3.91,1.08,0.05
58.49,4.52,1.18,0.05
57.27,6.42,1.6,0.04
59.92,6.04,1.07,0.03
59.87,4.14,1.17,0.03
60.75,4.21,0.97,0.03
60.75,2.63,1.21,0.03
60.57,2.9,1.2,0.03
61.53,2.21,1.02,0.03
61.19,2.18,1.12,0.06
61.07,2.31,1.16,0.06
60.43,2.55,1.51,0.06
59.08,2.71,1.8,0.06
60.75,2.02,1.22,0.06
60.71,1.96,1.03,0.05
59.67,2.9,1.3,0.06
60.35,2.04,1.13,0.05
60.32,2.35,1.32,0.06
57.31,3.56,2.2,0.06
61.03,2.9,0.76,0.04
60.59,3.01,0.85,0.04
61.35,2.85,0.97,0.04
55.4,7.48,1.23,0.03
62.58,2.61,1.06,0.04
61.27,2.95,1.26,0.05
61.97,3.18,1.2,0.04
60.34,3.02,1.75,0.1
60.05,2.74,1.57,0.07
60.84,2.45,1.33,0.08
60.45,2.96,1.57,0.07
60.57,2.42,1.51,0.07
61.56,2.04,1.15,0.06
60.67,3.03,1.6,0.07
58.1,4.26,3.01,0.08
60.12,2.88,1.31,0.07
63.47,1.91,0.92,0.05
62.21,1.95,0.96,0.06
62.12,1.88,0.99,0.05
62.12,2.44,1.28,0.06
63.14,1.86,1.04,0.06
62.05,2.09,1.3,0.06
62.7,1.89,1.17,0.06
62.67,1.88,1.08,0.05
61.24,2.63,1.2,0.05
61.82,2.48,1.18,0.04
59.4,3.72,1.47,0.05
59.91,4.92,1.17,0.04
59.94,4.04,1.17,0.03
61.56,2.16,1.2,0.1
60.26,2.37,1.33,0.08
59.82,2.32,1.16,0.08
59.24,2.48,1.46,0.07
59.21,2.31,1.6,0.07
59.32,2.39,1.87,0.07
60.22,2.19,1.43,0.07
58.58,2.72,1.73,0.07
58.68,3.26,1.6,0.06
57.17,3.99,2.38,0.07
58.27,3.26,2.01,0.09
61.03,2.09,1.55,0.07
57.62,2.97,2.27,0.05
58.56,2.76,1.82,0.05
57.51,2.91,2.63,0.07
59.2,2.39,2.12,0.06
61.15,2.27,1.86,0.06
60.1,2.37,1.7,0.05
58.36,3,2.61,0.06
56.53,4.23,3.69,0.05
59.35,2.23,1.41,0.12
60.44,2.06,1.15,0.09
59.9,2.33,1.25,0.09
60.3,2.13,1.34,0.08
60.42,2.15,1.58,0.08
60.63,1.8,1.13,0.07
59.72,1.81,1.16,0.06
59.82,2.06,1.3,0.05
60.17,2.14,1.45,0.05
61.74,1.97,1.11,0.04
61.02,2.16,1.01,0.04
60.78,2.08,1.52,0.05
62.66,1.56,1.11,0.06
62.18,1.77,1.34,0.06
63.17,1.5,0.96,0.04
60.67,2.37,1.62,0.06
62.35,1.57,1.1,0.04
62.07,1.81,1.26,0.04
61.83,1.76,1.01,0.04
62.14,1.7,0.98,0.04
61.95,1.88,1.19,0.04
62.66,1.83,1.16,0.03
62.34,1.69,1.02,0.02
62.06,2.08,1.45,0.03
61.36,2.34,1.57,0.05
62.81,1.93,1.22,0.03
62.63,1.86,1.3,0.03
61.6,2.11,1.23,0.07
61.56,2.23,1.23,0.08
60.3,2.91,1.63,0.07
61.31,2.37,1.33,0.07
60.6,2.82,1.83,0.07
59.54,3.65,1.87,0.06
60.57,2.57,1.63,0.07
61.07,2.63,1.61,0.07
57.2,4.5,3.2,0.07
60.21,2.81,1.51,0.06
63.22,1.78,0.85,0.05
62.59,1.91,1.07,0.05
62.47,2,1.1,0.04
62.44,2.27,1.25,0.05
62.2,2.42,1.47,0.06
61.27,2.55,1.52,0.06
61.87,2.63,1.33,0.06
59.22,3.86,1.84,0.06
60.16,3.53,1.65,0.06
60.72,3.96,1.39,0.04
60.68,2.61,1.52,0.09
60.68,2.61,1.52,0.09
60.48,2.85,1.31,0.08
60.48,2.85,1.31,0.08
60.85,2.2,1.29,0.06
60.85,2.2,1.29,0.06
59.12,3.37,1.52,0.06
59.12,3.37,1.52,0.06
62.6,1.93,0.92,0.05
62.6,1.93,0.92,0.05
62.21,2.52,1.24,0.06
62.21,2.52,1.24,0.06
62.32,1.88,1.16,0.06
62.32,1.88,1.16,0.06
61.54,2.01,1.23,0.05
61.54,2.01,1.23,0.05
60.49,2.78,1.36,0.05
60.49,2.78,1.36,0.05
61.92,2.62,1.35,0.04
61.92,2.62,1.35,0.04
59.66,4.42,1.52,0.06
59.65,4.38,1.39,0.06
58.27,5.71,1.74,0.07
61.07,1.98,1.18,0.06
61.02,2.06,1.2,0.06
61.38,1.75,1.03,0.05
57.98,5.26,1.77,0.07
56.89,4.69,2.79,0.09
61.11,2.28,1.06,0.07
62.8,1.48,0.71,0.05
63.09,1.45,0.65,0.04
61.87,1.72,0.81,0.04
61.28,4.6,0.8,0.05
63.82,1.59,0.7,0.04
62.56,2.27,0.93,0.05
62.79,1.87,0.93,0.05
60.6,4.39,0.95,0.05
60.07,5.34,1.06,0.04
61.3,2.77,1.39,0.05
62.8,1.77,0.96,0.04
61.91,1.85,0.93,0.04
62.14,2.4,0.85,0.04
60.3,4.02,0.93,0.03
61.75,2.64,1.2,0.12
59.07,3.02,1.93,0.1
60.38,2.64,1.61,0.08
59.61,2.92,1.76,0.07
60.31,2.65,1.63,0.07
60.47,2.96,1.65,0.07
57.77,3.87,2.45,0.07
60.09,2.89,1.48,0.07
63.12,1.93,1.04,0.06
61.83,2.32,1.24,0.07
59.61,3.15,1.55,0.07
62.48,1.79,1.03,0.07
61.43,2.23,1.39,0.07
62.29,1.93,1.2,0.06
59.93,2.81,1.98,0.06
61.98,2.03,0.89,0.05
61.6,2.02,1.19,0.06
61.11,2.34,1.14,0.04
61.63,2.47,0.99,0.04
60.3,3.81,0.92,0.03
60.4,2.97,1.11,0.03
59.65,5.22,0.89,0.03
60.96,2.82,1.44,0.04
60.78,3.75,1.39,0.05
60.45,4.11,1.52,0.03
61.41,2.29,1.18,0.06
59.5,3.82,1.76,0.06
60.09,2.51,1.43,0.06
60.36,2.47,1.6,0.07
60.88,2.32,1.37,0.06
59.54,2.78,1.72,0.06
61.14,2.05,1.23,0.05
60.05,2.58,1.28,0.06
60.69,2.41,1.14,0.05
59.25,2.99,1.53,0.06
59.08,3.61,1.53,0.04
60.72,2.16,0.93,0.04
60.76,3.67,0.72,0.05
60.38,5.6,0.84,0.04
62.64,2.7,0.94,0.04
62.28,2.99,1.08,0.04
60.19,2.9,0.9,0.04
60.91,3.97,1.65,0.09
60.54,3.03,1.11,0.1
59.53,2.68,1.2,0.08
60.3,2.3,1.43,0.08
60.26,2.46,1.52,0.08
59.31,2.55,1.69,0.09
59.73,2.49,1.56,0.07
58.18,3.19,1.85,0.09
59.69,2.66,1.54,0.08
61.35,2.05,1.31,0.07
59.23,2.99,1.58,0.07
56.89,6.52,1.73,0.06
56.75,4.41,1.98,0.07
58.34,3.1,2.37,0.05
58.07,2.91,2.66,0.05
60.12,2.17,1.7,0.05
58.99,2.47,1.87,0.04
59.25,2.03,2.21,0.06
59.57,3.64,1.82,0.04
61.56,1.71,1.41,0.04
60.86,2.11,1.63,0.04
60.88,2.81,1.25,0.03
60,3.61,1.78,0.03
58.18,5.32,2.43,0.03
60.93,2.41,1.48,0.03
58.68,3.13,1.67,0.03
59.98,2.89,1.53,0.03
59.29,3.58,1.68,0.02
60.78,2.69,1.23,0.08
61.64,2.33,1.29,0.07
61.24,2.23,1.28,0.08
60.39,2.61,1.54,0.07
61.63,2.09,1.31,0.07
60.7,2.57,1.51,0.06
61.06,2.43,1.67,0.06
59.45,3.27,1.85,0.06
57.63,4.17,2.94,0.08
60.2,2.94,1.58,0.06
62.57,1.82,0.97,0.06
62.54,1.82,0.96,0.06
62.51,1.92,1.06,0.05
60.19,3,1.79,0.05
63.74,1.86,0.94,0.05
61.48,2.55,1.45,0.06
61.85,2.27,1.45,0.06
61.59,2.79,1.75,0.06
61.24,2.52,1.22,0.05
58.32,3.73,1.51,0.04
60.67,2.73,1.31,0.04
61.68,2.06,1.2,0.04
62.17,1.94,1.13,0.03
58.61,3.82,1.35,0.03
60.47,3.83,1.17,0.03
60.78,2.45,1.28,0.03
60.16,3.07,1.43,0.04
58.07,3.59,1.86,0.03
61.59,2.72,1.36,0.06
60.53,3.57,2.05,0.08
59.16,3.23,1.6,0.09
62.28,1.85,1.1,0.07
62.38,1.65,1.06,0.08
61.74,1.94,1.1,0.07
63.32,1.61,0.94,0.05
62.22,1.66,0.94,0.06
63.08,1.54,0.84,0.05
62.86,1.44,0.8,0.06
62.64,1.67,1.15,0.07
62.44,1.7,0.97,0.05
62.61,1.6,0.79,0.04
62.43,1.51,0.72,0.04
62.51,1.7,0.74,0.05
61.34,1.96,0.95,0.04
61.25,2.02,0.86,0.05
63.25,1.58,0.73,0.03
62.8,1.76,0.9,0.03
60.57,3.78,1.03,0.03
61,2.42,1.35,0.04
61.72,2.62,1.35,0.03
59.86,3.53,1.54,0.03
60.95,2.91,2.3,0.09
62.91,2.44,1.45,0.08
61.23,2.22,1.63,0.08
60.21,2.71,1.36,0.09
60.18,2.62,1.4,0.07
60.21,2.57,1.5,0.06
57.79,4.01,2.65,0.08
59.8,2.94,1.43,0.07
62.59,1.93,0.87,0.05
62.16,1.98,0.95,0.06
61.28,2.5,1.25,0.06
58.85,3.66,1.7,0.06
63.7,1.65,0.81,0.05
61.27,2.64,1.45,0.07
61.57,2.22,1.23,0.05
59.39,3.5,1.97,0.05
61.89,2.18,1.11,0.06
60.57,2.7,1.33,0.05
58.89,3.13,1.51,0.06
58.33,4.51,1.29,0.04
60.77,2.68,1.51,0.03
60.83,3.5,0.82,0.03
59.64,4.84,1.25,0.03
59.29,3.65,2.3,0.1
59.29,3.65,2.3,0.1
60.12,2.68,1.54,0.08
60.12,2.68,1.54,0.08
60.22,2.69,1.58,0.07
60.22,2.69,1.58,0.07
60.77,2.37,1.2,0.06
60.77,2.37,1.2,0.06
60.5,2.72,1.41,0.07
60.5,2.72,1.41,0.07
62.69,2.28,1.03,0.05
62.69,2.28,1.03,0.05
59.76,4.36,1.88,0.05
59.76,4.36,1.88,0.05
59.41,4.78,2.49,0.04
59.41,4.78,2.49,0.04
61.23,3.99,1.48,0.04
61.23,3.99,1.48,0.04
59.88,4.85,1.85,0.03
59.88,4.85,1.85,0.03
60.34,2.39,1.54,0.12
60.89,2.81,1.58,0.11
60.44,2.35,1.25,0.11
59.03,2.91,1.68,0.1
59.78,2.73,1.51,0.08
59.71,2.47,1.41,0.07
59.62,2.63,1.65,0.08
61.29,2.07,1.31,0.06
59.22,3.03,1.73,0.06
57.57,3.43,2.06,0.07
61.27,2.1,1.19,0.07
61.73,1.91,1.09,0.07
62.39,1.92,1.18,0.07
61.52,2.24,1.18,0.06
62.78,1.42,0.77,0.06
61.52,2.03,1.42,0.07
62.18,1.84,1.01,0.05
60.34,4.08,1.43,0.05
61.65,3.58,0.96,0.06
58.91,5.94,1.07,0.04
58.23,5.72,1.26,0.03
59.84,4.21,1.08,0.04
60.48,2.94,1.19,0.03
59.48,3.53,1.49,0.03
61.58,2.42,1.05,0.03
59.59,4.22,1.19,0.04
61.06,2.72,1.18,0.04
60.47,4.48,1.48,0.04
58.13,4.89,2.59,0.08
60.73,2.31,1.31,0.07
60.14,2.62,1.37,0.07
59.86,2.49,1.56,0.07
59.7,2.69,1.73,0.07
60.54,2.56,1.62,0.07
61.17,2.31,1.32,0.06
59.96,2.81,1.4,0.06
61.6,2,1.13,0.06
59.98,2.87,1.45,0.06
57.36,3.64,2.62,0.06
58.81,3.42,1.72,0.06
61.5,2.3,1.16,0.05
61.72,2.05,0.95,0.05
60.31,3.05,1.17,0.04
62.41,2.66,1.05,0.05
61.31,3.4,1.2,0.05
58,5.35,1.25,0.04
58.2,3.28,2.23,0.11
58.88,2.8,1.83,0.12
59.37,2.45,1.46,0.1
58.36,3.17,2.2,0.09
59.02,2.75,1.83,0.09
59.61,2.42,1.55,0.08
60.34,2.35,1.6,0.08
58.67,3.32,2.56,0.16
58.66,3.06,2.3,0.09
61.31,1.88,1.53,0.08
61.76,1.66,1.37,0.07
60.01,2.04,1.58,0.08
59.77,2.3,1.8,0.03
57.52,3.67,3.12,0.05
61.22,1.7,0.93,0.04
61.36,1.67,1.31,0.03
58.68,3.36,2.66,0.03
60.79,1.77,1.41,0.02
58.97,2.77,2.05,0.02
60.62,1.96,0.82,0.02
58.46,4.05,2.15,0.08
60.53,2.48,1.28,0.07
59.41,3,1.76,0.07
60.57,2.34,1.27,0.07
60.76,2.52,1.49,0.06
61.07,2.44,1.54,0.07
59.62,2.68,2.06,0.07
61.31,2.17,1.32,0.06
60.1,3.23,1.55,0.06
59.23,3,1.75,0.07
59.69,2.14,1.19,0.06
63.05,1.7,0.87,0.06
61.18,2.08,1.17,0.06
61.03,2.37,1.23,0.05
62.58,1.59,0.85,0.04
62.34,2.21,1.26,0.05
62.09,2.16,1.44,0.06
60.18,3.26,2.1,0.07
62.14,1.98,1.22,0.06
61.19,2.37,1.19,0.05
59.94,2.82,1.38,0.04
61.45,2.24,0.95,0.03
61.45,2.04,0.95,0.03
61.21,2.98,1.22,0.03
61.65,2.05,1.33,0.03
60.11,3.5,1.72,0.04
59.11,6.17,1.99,0.04
60.33,3.45,1.38,0.06
60.07,2.88,1.62,0.06
60.35,2.59,1.46,0.06
61.81,2.05,1.19,0.06
60.8,2.58,1.34,0.06
60.11,2.37,1.61,0.05
56.31,3.67,2.77,0.05
60.62,3.16,1.19,0.06
60.93,4.49,0.86,0.04
60.15,3.63,1,0.04
62.03,2.9,0.96,0.04
58.7,3.71,1.19,0.04
61.68,2.99,0.82,0.04
60.98,2.32,1.25,0.07
61.22,2.41,1.28,0.06
60.41,2.4,1.33,0.06
60.65,2.55,1.37,0.06
59.67,2.82,1.57,0.07
60.96,2.15,1.22,0.05
60.36,2.61,1.43,0.06
61.6,2.44,1.23,0.06
60.18,2.55,1.5,0.07
58.75,2.88,1.86,0.07
62.92,1.68,0.89,0.06
61.86,1.68,0.89,0.05
61.57,2.25,1.01,0.05
58.7,3.9,1.89,0.05
60.32,2.9,1.25,0.05
62.39,2.36,1.05,0.05
60.44,2.75,1.35,0.06
58.71,4.01,1.95,0.06
59.91,4.74,1.28,0.05
59.65,2.48,1.32,0.05
58.5,2.47,1.91,0.1
57.79,2.53,1.98,0.1
58.29,2.39,1.82,0.11
58.75,2.11,1.79,0.1
56.33,3.02,2.8,0.09
59.62,2.21,1.3,0.08
58.95,2.44,2.04,0.08
58.42,2.68,1.93,0.08
58.98,2.51,1.55,0.05
56.38,4.22,3.97,0.07
59.19,2.19,1.96,0.07
60.43,2.26,1.49,0.08
58.39,2.66,2.23,0.1
58.96,2.46,2.36,0.07
59.98,2.02,1.48,0.05
59.82,2.13,1.91,0.05
59.96,1.97,1.84,0.06
60.63,2.05,1.35,0.06
57.73,2.78,2.57,0.05
62.12,1.34,1.13,0.04
59.28,1.6,1.48,0.04
62.52,1.02,0.7,0.03
62.6,0.95,0.75,0.03
60.63,2.26,1.2,0.03
60.47,2.05,1.26,0.03
60.84,1.99,0.82,0.03
58.34,2.78,1.22,0.02
61.25,2.48,0.87,0.02
62.18,2.34,1.48,0.11
61.73,2.2,1.14,0.11
60.7,2.05,1.27,0.1
59.56,2.44,1.74,0.11
60.44,2.21,1.07,0.08
60.41,2.32,1.28,0.08
59.92,2.9,1.51,0.08
59.85,2.55,1.59,0.07
59.38,3.11,1.91,0.07
59.89,2.34,1.33,0.07
61.02,2.27,1.27,0.09
63.77,1.48,0.79,0.06
61.55,2.06,1.19,0.06
59.99,2.29,1.24,0.07
59.23,3.3,1.62,0.08
63.09,1.61,0.94,0.06
61.66,2.23,1.4,0.06
62.94,1.7,1.01,0.05
60.98,2.67,1.5,0.06
63.35,1.82,1.06,0.06
58.95,6.1,1.29,0.04
57.3,7.65,1.49,0.03
59.41,2.99,1.53,0.03
59.99,3.24,1.79,0.03
59.16,3.79,1.62,0.04
59.58,3.68,1.46,0.03
58.83,5.31,1.26,0.05
60.51,3.47,1.19,0.03
60.34,5.04,1.31,0.04
59.21,3.35,1.96,0.1
61.28,2.38,1.05,0.08
61.21,2.87,1.17,0.07
60.4,2.47,1.43,0.07
60.04,2.6,1.57,0.07
60.3,2.6,1.55,0.06
60.8,2.25,1.57,0.06
61.76,2.04,1.19,0.06
60.87,2.52,1.43,0.06
58.85,3.35,2.04,0.06
61.15,2.43,1.26,0.07
62.74,1.57,0.82,0.06
61.26,2,1.06,0.05
60.23,2.76,1.46,0.05
62.84,1.41,0.81,0.04
61.34,2.38,1.49,0.06
62.46,1.83,1.27,0.06
61.23,2.27,1.5,0.05
61.21,3.23,1.14,0.05
61.07,3.07,1.32,0.06
61.93,2.29,1.3,0.05
60.35,3.02,1.49,0.04
59.69,2.62,1.14,0.03
60.64,3.05,1.37,0.03
60.07,2.59,1.35,0.06
60.83,2.54,1.35,0.06
57.26,4.15,2.95,0.08
59.08,2.54,1.26,0.06
62.19,1.78,0.86,0.05
60.6,2.43,1.17,0.06
61.71,2.02,1.21,0.06
62.8,1.69,0.91,0.06
63.18,1.89,0.95,0.06
64.05,1.52,0.78,0.06
61.85,2.41,1.21,0.07
62.73,1.74,0.92,0.07
62.49,1.43,0.69,0.04
61.31,1.87,1.05,0.04
63.03,1.82,0.9,0.04
63.61,1.61,0.8,0.03
62.35,1.85,0.9,0.03
62.31,1.97,0.99,0.03
59.62,4.24,1.22,0.03
61.33,2.15,1.39,0.09
61.93,2.77,1.13,0.11
59.18,3.04,1.66,0.09
60.34,2.33,1.34,0.07
59.61,2.77,1.75,0.08
61.61,1.88,1.2,0.07
59.68,2.87,1.61,0.07
58.76,3.06,1.69,0.07
62.09,2.28,1.09,0.06
61.94,1.78,0.82,0.06
62.3,2.05,1.1,0.06
58.39,3.14,1.65,0.06
62.67,1.6,0.93,0.05
60.59,2.45,1.42,0.06
63.35,1.82,0.92,0.05
59.44,4.92,1.16,0.06
60.64,2.6,1.43,0.06
61.65,1.92,1.2,0.06
60.31,3.01,1.8,0.07
61.3,2.01,1.28,0.06
61.41,1.91,1.35,0.06
61.52,1.95,1.41,0.06
60.19,2.45,1.56,0.06
56.94,4.02,2.61,0.07
62.46,1.97,0.99,0.05
62.64,1.76,0.93,0.05
62.04,1.85,0.92,0.05
60.58,2.45,1.21,0.05
60.96,2.93,1.24,0.05
62.54,2.96,1.05,0.05
62.05,2.91,1.02,0.04
60.13,5.64,1,0.04
58.05,3.88,3.24,0.12
58.05,3.88,3.24,0.12
61.28,2.34,1.22,0.11
61.28,2.34,1.22,0.11
59.86,2.48,1.41,0.07
59.86,2.48,1.41,0.07
59.43,3.43,1.68,0.08
59.43,3.43,1.68,0.08
61.21,2.61,1.37,0.07
61.21,2.61,1.37,0.07
61.05,2.41,1.38,0.07
61.05,2.41,1.38,0.07
62.25,1.82,1.19,0.06
62.25,1.82,1.19,0.06
62,2.43,1.11,0.05
62,2.43,1.11,0.05
59.25,4,1.14,0.05
59.25,4,1.14,0.05
60.05,2.61,1.4,0.04
60.05,2.61,1.4,0.04
60.28,3.49,1.25,0.03
60.28,3.49,1.25,0.03
60.14,3.92,1.18,0.03
60.14,3.92,1.18,0.03
60,4.48,1.41,0.04
60,4.48,1.41,0.04
62.33,2.65,1.14,0.09
61.47,2.23,0.88,0.09
59.76,2.31,1.3,0.1
59.69,2.56,1.25,0.09
59.87,2.34,1.18,0.07
59.66,2.38,1.24,0.07
60.11,2.06,1.12,0.06
59.34,2.54,1.22,0.16
61.38,1.99,0.82,0.15
62.13,1.78,0.85,0.11
61,1.95,0.9,0.09
60.78,2.55,0.94,0.07
60.67,2.19,1.11,0.06
62.03,2.29,0.71,0.04
60.37,3.7,0.89,0.04
59.83,3.38,0.96,0.05
60.66,2.79,0.74,0.03
59.49,3.2,1.13,0.03
57.5,4.15,1.5,0.03
59.4,3.5,1.45,0.04
60.92,2.71,0.95,0.03
60.97,2.54,1.02,0.03
61.12,2.37,1.15,0.07
60.66,2.57,1.38,0.06
60.58,2.46,1.36,0.06
59.76,2.75,1.67,0.06
57.02,3.68,2.1,0.06
61.48,1.89,1.09,0.05
59.18,3.26,1.62,0.07
60.82,2.49,1.38,0.06
60.13,2.96,1.38,0.06
57.32,3.58,1.69,0.08
58.11,3.3,1.79,0.08
62.65,1.73,0.86,0.06
61.38,2.1,0.92,0.05
60.22,3.08,1.28,0.06
61.76,2.44,1.19,0.05
62.57,2.07,1.17,0.06
62.98,2.07,1.2,0.06
61.11,2.53,1.74,0.07
61.83,2.63,1.16,0.05
60.76,2.87,1.34,0.05
61.29,2.18,1.43,0.11
61.29,2.18,1.43,0.11
60.2,2.55,1.62,0.09
60.2,2.55,1.62,0.09
60.2,2.3,1.48,0.07
60.2,2.3,1.48,0.07
59.62,2.95,1.81,0.08
59.62,2.95,1.81,0.08
63.2,1.84,0.97,0.06
63.2,1.84,0.97,0.06
61.71,2.03,1.17,0.07
61.71,2.03,1.17,0.07
61.14,3.1,1.42,0.06
61.14,3.1,1.42,0.06
60.94,3.99,1.06,0.05
60.94,3.99,1.06,0.05
60.47,3.04,1.33,0.06
60.47,3.04,1.33,0.06
59.63,4.34,1.53,0.04
59.63,4.34,1.53,0.04
58.62,4.27,1.26,0.03
58.62,4.27,1.26,0.03
61.92,2.04,1.1,0.08
60.96,2.19,1.2,0.07
60.16,2.47,1.52,0.08
60.25,2.46,1.38,0.09
58.96,3.2,1.91,0.08
60.66,2.26,1.28,0.07
59.48,3.11,1.67,0.06
61.75,2.02,1.16,0.06
59.79,2.81,1.64,0.06
56.55,3.87,2.6,0.07
59.99,2.94,1.64,0.08
63.45,1.66,0.79,0.05
61.5,2.12,1.1,0.05
60.13,3.18,1.55,0.06
62.41,1.81,1.11,0.06
60.75,2.84,1.44,0.05
62.13,2.22,1.3,0.05
61.09,2.82,1.39,0.04
61.14,2.82,1.26,0.05
60.31,4.24,0.97,0.04
58.35,4.09,3.17,0.1
60.64,2.17,1.35,0.1
60.85,2.43,1.26,0.09
60.3,2.4,1.34,0.07
60.08,2.3,1.48,0.07
59.66,2.62,1.54,0.07
60.8,2.17,1.29,0.07
61.1,2.31,1.41,0.06
58.76,3.16,2.08,0.07
59.44,2.84,1.64,0.08
62.32,1.9,1.02,0.07
61.37,2.04,1.07,0.07
61.18,2.18,1.19,0.09
62.57,1.74,0.94,0.05
62.34,2.15,1.19,0.06
61.24,2.05,1.15,0.05
62.54,1.82,0.83,0.04
60.18,3.09,1.24,0.06
58.21,4.3,1.14,0.04
60.31,4.04,1.42,0.05
55.94,9.4,0.97,0.04
51.05,12.12,1.28,0.03
61.07,3.5,0.85,0.03
61.5,2.85,1.17,0.03
60.1,4.39,1.23,0.03
62.35,3.01,1.1,0.02
60.86,2.67,1.33,0.07
60.25,2.71,1.54,0.07
60.82,2.28,1.36,0.07
60.93,2.23,1.55,0.07
60.31,2.33,1.51,0.07
61.36,1.92,1.34,0.06
60.56,2.05,1.53,0.06
59.53,2.73,1.64,0.06
60.12,2.82,1.45,0.07
63.04,1.82,0.94,0.06
62.37,1.75,0.96,0.05
61.31,2.41,1.16,0.05
62.46,2.16,1.11,0.05
62.55,2.37,1.11,0.05
62.63,1.9,0.93,0.06
62.2,2.39,1.11,0.05
58.96,4,2,0.05
59.91,2.78,1.35,0.05
58.58,2.73,1.32,0.04
60.72,2.83,2.22,0.09
61.32,2.59,1.54,0.08
60.64,2.65,1.63,0.08
60.59,2.17,1.28,0.07
60.06,2.61,1.49,0.06
59.88,2.37,1.54,0.06
60.73,2.4,1.64,0.07
58.54,3.16,1.65,0.07
62.04,2.23,1.11,0.07
62.18,1.99,1.15,0.08
61.64,2.06,1.14,0.07
61.88,3.89,1.72,0.11
63.52,1.57,0.93,0.06
61.42,2.17,1.28,0.06
62.37,1.96,0.99,0.05
59.71,3.68,1.29,0.05
60.54,3.37,1.45,0.06
59.12,4.2,1.3,0.05
59.37,2.92,1.2,0.04
62.44,1.82,1.17,0.04
61.57,2.12,1.38,0.03
60.75,2.74,1.2,0.03
60.87,2.9,1.23,0.04
60.16,3.36,1.52,0.04
60.27,4.1,1.54,0.03
60.81,2.19,1.4,0.14
60.21,2.21,0.98,0.1
60.19,2.1,0.83,0.09
59.59,2.29,1.4,0.1
59.12,2.47,1.54,0.1
59.47,2.45,1.43,0.09
58.98,2.71,1.64,0.08
59.46,2.82,1.81,0.1
58.72,3.05,1.71,0.11
62.59,1.78,0.89,0.06
62.2,1.82,0.93,0.06
61.2,2.19,1.31,0.08
60.91,2.06,1.16,0.06
61.47,2.03,1.09,0.06
61.65,1.98,1.27,0.07
61.51,2.12,1.6,0.07
61.21,2.29,1.59,0.06
60.17,2.58,1.49,0.06
60.53,2.24,1.29,0.05
60.51,2.76,1.38,0.04
61.94,2.27,1.24,0.03
61.54,2.75,1.41,0.03
61.18,3.15,1.41,0.03
59.76,3.66,1.56,0.04
60.37,2.79,1.78,0.04
61.34,2.84,1.1,0.03
60.01,3.82,1.9,0.02
61.02,2.34,1.23,0.08
60.29,2.63,1.43,0.07
60.31,2.61,1.5,0.07
60.6,2.2,1.32,0.06
60.04,2.72,1.77,0.07
60.67,2.3,1.57,0.06
60.97,2.49,1.81,0.06
61.49,2.03,1.24,0.06
60.55,2.48,1.47,0.07
60.1,2.96,1.84,0.07
60.3,2.81,1.45,0.07
63.32,1.89,0.98,0.06
62.77,1.78,1.09,0.06
61.3,2.36,1.31,0.06
60.75,2.6,1.34,0.06
62.04,2.21,1.14,0.06
62.14,2.27,1.32,0.06
62.82,1.82,1.08,0.05
58.29,2.98,2.06,0.06
60.7,2.14,1.35,0.06
60.73,2.22,1.43,0.05
61.56,2.05,1.3,0.04
59.62,2.07,1.39,0.11
58.94,2.6,1.81,0.11
58.79,2.5,1.6,0.11
59.53,2.26,1.26,0.12
61.47,2.14,1.45,0.1
62.25,1.91,1.58,0.1
60.87,1.57,1.24,0.1
61.22,1.85,1.6,0.09
60.44,1.57,1.2,0.06
62.43,1.08,0.53,0.04
62.98,1.09,0.5,0.03
61.51,1.41,0.91,0.04
60.92,1.88,1.15,0.05
59.74,1.79,1.29,0.05
60.14,2.12,1.61,0.05
62.72,1.35,0.96,0.04
62.57,1.45,1.17,0.05
63.07,1.33,0.92,0.04
61.38,1.5,1.1,0.04
61.51,1.62,1.05,0.04
61.46,1.76,1.06,0.03
61.39,1.76,1.06,0.04
62.39,1.36,0.79,0.02
61.57,1.65,1.18,0.03
59.76,3.08,2.38,0.03
60.4,2.65,2,0.03
61.64,2.25,1.71,0.03
61.26,2.56,1.73,0.03
62.74,2.09,1.47,0.02
60.51,2.67,2.26,0.03
61.21,2.75,1.63,0.11
61.21,2.75,1.63,0.11
60.13,2.53,1.45,0.08
60.13,2.53,1.45,0.08
60.7,2.43,1.33,0.07
60.7,2.43,1.33,0.07
60.07,2.48,1.35,0.06
60.07,2.48,1.35,0.06
62.84,1.62,0.8,0.05
62.84,1.62,0.8,0.05
61,2.21,1.17,0.05
61,2.21,1.17,0.05
61.84,1.86,1,0.04
61.84,1.86,1,0.04
60.82,2.77,1.55,0.05
60.82,2.77,1.55,0.05
58.32,6.25,1.21,0.04
58.32,6.25,1.21,0.04
59.39,4.82,1.17,0.03
59.39,4.82,1.17,0.03
59.93,4.39,1.17,0.03
59.93,4.39,1.17,0.03
60.92,2.63,1.23,0.03
60.92,2.63,1.23,0.03
60.59,3.58,2.55,0.14
58.61,3.74,2.53,0.09
61.69,2.01,1.34,0.08
61.42,2.25,1.14,0.08
60.05,2.88,1.49,0.08
59.56,2.77,1.44,0.07
59.61,2.84,1.57,0.07
58.75,3.44,1.48,0.07
59.49,3.2,1.61,0.06
57.14,4.27,2.95,0.07
57.37,4.03,1.85,0.08
60.49,2.68,1.42,0.08
64.49,1.34,0.62,0.04
62.17,1.99,1.1,0.05
60.97,2.01,1.09,0.05
61.67,1.99,0.83,0.04
61.13,2.43,1.28,0.05
62.37,3.07,0.82,0.04
60.54,3,1.92,0.1
61.33,2.67,1.62,0.09
59.34,2.89,1.6,0.09
60.01,2.36,1.42,0.07
59.75,2.2,1.41,0.07
60.93,2.16,1.44,0.08
58.22,3.27,2.22,0.11
58.19,3.23,1.53,0.28
59.24,2.47,1.33,0.22
62.33,1.99,0.98,0.15
62.2,2.03,1.03,0.08
63.51,1.89,1.14,0.07
59.73,2.78,1.64,0.11
62.76,1.62,1.1,0.05
60.93,2.33,1.25,0.05
61.79,1.95,1.03,0.05
59.66,3.78,1.24,0.05
61.12,2.5,1.1,0.06
60.05,3.06,1.22,0.06
60.52,2.99,1.13,0.05
58.27,5.82,1.23,0.04
59.71,5.33,0.93,0.04
60.67,2.46,1.46,0.04
61.73,2.22,0.93,0.03
60.83,2.16,1.17,0.03
60.86,3.29,1.39,0.03
60.39,3.93,1.23,0.03
60.85,2.9,1.31,0.06
60.57,2.87,1.27,0.06
59.49,3.6,1.4,0.06
58.56,3.2,1.9,0.07
60.77,2,1.29,0.05
60.74,2.54,1.25,0.06
61.64,1.89,0.88,0.05
60.56,2.35,1.29,0.05
58.92,2.89,1.67,0.06
62.7,1.09,0.54,0.04
62.18,1.53,0.75,0.04
61.17,2.15,1.05,0.05
62.69,1.66,0.92,0.05
62.46,2.04,1.21,0.06
61.95,2.38,1.09,0.06
62.58,2.02,0.88,0.05
62.07,2.28,1.22,0.05
61.76,2.31,1.18,0.05
61.89,1.81,0.84,0.04
59.27,3.07,1.11,0.03
59.88,2.78,1.64,0.06
59.87,2.83,1.59,0.06
59.85,2.54,1.56,0.07
59.5,2.78,1.75,0.07
61.29,2.35,1.3,0.06
59.33,3.11,1.62,0.07
60.64,2.19,1.31,0.07
61.33,2.04,1.41,0.06
58.92,2.65,1.61,0.07
57.09,4.5,2.72,0.08
62.52,2.11,0.94,0.06
63.94,1.75,0.77,0.05
61.75,1.8,0.87,0.04
59.8,3.36,1.29,0.05
61.84,2.61,1.19,0.05
61.66,2.69,1.06,0.04
60.87,2.92,1.14,0.05
60.49,3.56,1.14,0.06
59.41,5.25,1.09,0.05
58.9,6.65,1.37,0.06
57.93,4.95,2.15,0.06
59.77,5.34,1.05,0.04
62.45,2.2,1.21,0.05
60.32,2.82,1.33,0.05
59.92,2.9,1.81,0.11
59.84,2.26,1.59,0.08
59.64,2.55,1.85,0.09
60.33,2.77,1.75,0.08
60.89,2.23,1.52,0.07
59.47,2.8,1.67,0.07
58.43,3.06,1.59,0.14
59.01,2.88,1.53,0.07
62.18,1.69,0.9,0.05
61.8,1.8,0.8,0.05
61.94,1.87,0.96,0.04
60.65,2.31,1.37,0.04
62.12,1.64,1.14,0.05
61.41,2.15,1.47,0.05
62.8,1.57,1.11,0.05
61.73,2.33,1.04,0.05
61.31,2.74,0.96,0.05
60.04,3.21,1.06,0.05
60.2,2.94,1.1,0.05
60.18,2.7,1.26,0.04
61.08,2.85,0.93,0.03
56.21,4.79,1.61,0.04
58.26,4.26,1.25,0.03
59.02,4.02,0.98,0.03
58.64,4.63,1.64,0.04
61.41,2.04,1.17,0.06
60.43,2.1,1.1,0.05
60.28,2.37,1.47,0.06
60.77,2.04,1.03,0.05
60.5,2.36,1.56,0.06
60.65,2.42,1.73,0.06
60.73,2.11,1.43,0.06
61.04,1.85,1.22,0.06
61.58,1.99,1.29,0.06
60.46,2.39,1.31,0.05
62.5,1.88,1.03,0.06
64.35,1.57,0.84,0.05
61.98,2.25,1.18,0.06
60.1,2.26,1.08,0.05
61.36,2.99,1.5,0.07
61.58,3.2,1.4,0.06
61.45,2.4,1.57,0.09
61.26,2.76,1.57,0.09
60.5,2.27,1.66,0.08
58.39,3.3,2.19,0.08
60.81,2.44,1.41,0.07
61.01,2.23,1.42,0.07
60.99,2.48,1.71,0.06
59.69,2.87,1.79,0.07
58.47,2.75,1.74,0.07
60.52,2.69,1.62,0.09
63.51,1.72,0.93,0.06
61.84,2.06,1.18,0.07
60.85,2.35,1.23,0.09
60.31,2.7,1.52,0.07
62.62,2.04,1.07,0.06
62.4,1.97,0.95,0.05
61.3,4,1.08,0.05
58.36,5.15,1.6,0.05
60.3,2.46,1.68,0.1
60.59,2.26,1.37,0.08
60.97,2.21,1.45,0.07
60.63,2.37,1.29,0.07
59.19,2.79,1.71,0.08
59.78,2.56,1.66,0.06
60.98,2.3,1.36,0.06
60.99,2.49,1.47,0.06
59.03,3.33,1.84,0.07
61.95,2.19,1.17,0.07
63.37,1.59,0.91,0.05
61.48,2.44,1.27,0.06
61.01,2.86,1.53,0.06
61.6,2.73,1.26,0.05
61.25,3.01,1.64,0.08
61.46,2.33,1.35,0.09
60.4,2.44,1.45,0.08
60.57,3.11,1.47,0.06
60.33,2.49,1.46,0.07
61,2.09,1.34,0.06
59.3,2.75,1.66,0.07
58.43,3.24,1.9,0.13
60.16,2.63,1.28,0.13
61.43,2.1,0.93,0.11
61.16,2.15,0.84,0.12
61.02,2.37,1.07,0.09
60.98,2.49,1.18,0.11
62.06,1.81,1.06,0.05
61.25,2.25,1.26,0.06
62.31,2.29,0.99,0.05
59.92,4.56,0.79,0.04
60.59,2.01,1.57,0.11
60.86,2.29,1.48,0.1
60.44,2.5,1.73,0.08
59.69,2.76,1.3,0.08
60.88,1.97,1.16,0.07
59.6,2.91,1.74,0.08
60.36,2.45,1.7,0.08
58.88,2.76,1.7,0.06
58.98,2.74,1.74,0.07
61.83,1.99,1.04,0.05
62,1.84,1,0.06
62.07,1.96,1.13,0.05
60.39,2.52,1.39,0.05
61.56,2.26,0.87,0.04
61.46,2.07,1.11,0.04
61.03,2.25,1.33,0.06
61.73,2.64,1.05,0.05
59.45,4.79,1.36,0.05
60.65,3.98,1.16,0.05
59.7,4.5,1.15,0.05
58.92,5.47,1.34,0.04
60.49,3.97,1.03,0.03
59.82,4.23,1.19,0.03
59.7,3.84,1.5,0.03
60.1,4.4,1.13,0.03
60.21,3.04,0.92,0.03
60.27,4.64,1.38,0.03
61.13,4.73,1.42,0.03
60.72,2.34,1.3,0.06
60.16,2.4,1.27,0.06
59.99,2.52,1.42,0.06
60.47,2.44,1.51,0.07
59.1,3.03,1.77,0.08
60.81,2.01,1.28,0.06
60.32,2.57,1.28,0.06
60.76,2.52,1.53,0.06
59.86,2.71,1.62,0.07
57.19,4.34,2.83,0.07
58.3,3.58,1.75,0.07
62.29,1.39,0.69,0.04
61.76,2.27,1.18,0.06
61.56,2.62,1.04,0.05
60.09,2.88,1.32,0.05
58.69,3.62,2.63,0.09
61.36,2.14,1.44,0.07
61.2,2.1,1.26,0.07
61.78,1.8,0.96,0.06
59.04,2.54,1.78,0.08
59.98,2.33,1.62,0.07
59.68,2.66,1.69,0.07
60.68,2.24,1.34,0.06
59.44,3,1.73,0.06
58.69,2.77,2.09,0.07
61.72,1.99,1.22,0.06
62.2,2.1,1.2,0.05
62.35,1.96,1.11,0.05
61.4,2.25,1.18,0.05
61.82,2.4,1.33,0.06
61.62,2.47,1.45,0.06
61.4,2.61,1.01,0.05
58.47,3.86,2.38,0.08
60.58,2.41,1.4,0.06
59.97,2.43,1.54,0.06
59.72,2.55,1.24,0.06
61,2.15,1.12,0.05
58.97,2.77,1.85,0.06
60.58,2.12,1.64,0.05
61,1.84,1.34,0.05
62.02,1.85,1.17,0.05
60.74,2.4,1.69,0.07
59.63,2.23,1.39,0.06
59.93,2.55,1.53,0.06
63.93,1.69,0.92,0.05
61.82,1.96,1.23,0.06
60.14,2.72,1.43,0.05
60.06,2.2,1.2,0.06
61.74,2.75,1.34,0.06
60.78,3.36,1.47,0.06
59.31,4.14,1.53,0.05
60.74,2.11,1.37,0.08
61.11,2.48,1.55,0.08
60.57,2.36,1.47,0.1
59.24,3.06,1.72,0.1
60.45,2.3,1.49,0.06
61.4,2.2,1.29,0.06
61.36,2.16,1.49,0.07
59.66,2.75,1.87,0.07
59.03,3.02,1.73,0.08
61.58,2.15,1.14,0.07
62.68,1.62,0.8,0.06
62.4,1.85,0.85,0.06
60.85,2.56,1.08,0.09
61.71,2.12,1.23,0.06
62.61,1.96,1.19,0.05
62.37,1.88,0.89,0.04
61.03,2.9,1.75,0.09
60.83,2.27,1.28,0.09
60.72,2.04,1.2,0.08
57.65,3.48,2.14,0.07
60.6,2.29,1.35,0.07
60.24,2.41,1.59,0.08
60.54,2.19,1.42,0.07
60.85,1.98,1.28,0.06
59.29,3.32,1.81,0.07
59.42,2.26,1.44,0.05
62.3,1.93,1.09,0.05
63.43,1.63,0.94,0.05
62.11,1.86,1.01,0.04
60.42,3.16,0.96,0.04
63.3,1.66,0.9,0.04
60.2,2.77,1.74,0.05
61.34,2.77,0.98,0.05
59.28,5.24,1.46,0.07
60.42,2.68,1.4,0.06
60.88,2.28,1.25,0.06
59.39,3.07,1.7,0.07
60.31,2.23,1.48,0.07
60.22,2.43,1.44,0.07
61.65,1.83,1.06,0.06
60.21,2.44,1.51,0.07
59.91,2.79,1.4,0.07
63.74,1.7,0.79,0.05
62.94,2,0.91,0.06
61.46,2.32,0.99,0.05
61.13,2.32,1.07,0.05
58.24,2.59,1.22,0.06
59.24,3.13,1.48,0.05
60.73,3.24,1.49,0.07
60.72,3.46,1.71,0.06
62.58,1.96,1.19,0.06
59.68,2.89,1.92,0.08
61.21,2.25,1.26,0.07
62.08,1.65,1.02,0.05
61.5,2.16,1.37,0.06
60.61,1.92,1.32,0.06
62.22,1.45,0.74,0.04
62.24,1.67,0.96,0.05
62.94,1.56,0.83,0.04
61.82,3.19,0.87,0.04
61.92,1.79,0.79,0.04
62.36,1.65,0.98,0.04
62.25,1.59,0.9,0.03
57.56,7.68,0.79,0.04
61.59,2.23,1.12,0.04
59.98,5.07,1.23,0.03
60.75,3.52,1.16,0.03
60.3,3.81,1.29,0.03
60.77,2.9,1.17,0.03
60.97,3.57,1.46,0.03
61.33,2.26,1.17,0.1
62.62,2.89,1.36,0.09
61.32,2.36,1.37,0.09
60.64,2.37,1.33,0.08
61.3,2.1,1.3,0.08
60.43,2.36,1.53,0.07
61.38,2.05,1.27,0.06
59.74,2.55,1.55,0.07
56.21,3.97,2.66,0.11
59.18,2.96,1.56,0.1
60.01,2.42,1.28,0.1
62.38,1.87,0.87,0.05
62.07,2.02,0.99,0.06
62.04,1.96,0.91,0.06
59.05,3.4,1.49,0.1
62.23,1.8,1.06,0.06
60.04,3.13,1.17,0.05
61.39,3.19,0.83,0.05
61.83,1.92,1,0.05
60.55,2.44,1.44,0.06
60.53,2.44,1.42,0.06
60.67,2.22,1.45,0.06
59.62,2.52,1.59,0.07
60.52,2.93,1.25,0.05
60.14,2.44,1.42,0.06
60.22,2.56,1.55,0.06
60.69,2.77,1.5,0.06
59.3,2.82,1.55,0.06
61.34,2.5,1.32,0.06
62.37,1.92,0.95,0.05
60.62,2.35,0.99,0.04
58.36,3.61,1.28,0.04
58.26,2.93,1.1,0.05
60.93,2.36,1.41,0.09
60.4,2.93,1.76,0.09
58.63,3.36,2.09,0.08
60.46,2.19,1.39,0.08
60.21,2.36,1.7,0.08
60.57,2.66,1.58,0.07
60.28,2.78,1.85,0.07
57.54,3.79,2.69,0.07
59.94,2.73,1.42,0.07
62.27,1.82,1.13,0.05
62.48,1.91,1.01,0.05
61.78,1.87,1.11,0.04
59.53,3.02,1.43,0.04
62.71,1.74,0.85,0.04
61.52,2.61,1.19,0.05
61.14,2.87,1.04,0.05
60.88,2.2,1.34,0.07
61.71,2.17,1.23,0.06
60.85,2.33,1.37,0.07
58.82,3.24,1.76,0.06
60.74,2.05,1.32,0.05
59.57,2.48,1.82,0.06
60.93,2.4,1.46,0.06
61.04,2.44,1.61,0.06
59.42,3.27,1.84,0.06
59.26,3.19,1.68,0.07
62.44,2.1,1.14,0.06
62.97,1.93,1.03,0.05
61.12,2.15,1.05,0.04
61.2,2.75,1.48,0.06
62.7,2.02,1.2,0.05
62.45,2.26,1.28,0.05
60.24,4.21,1.44,0.05
62.43,2.13,0.98,0.06
62.43,2.13,0.98,0.06
60.19,2.86,1.22,0.05
60.19,2.86,1.22,0.05
61.53,2.68,1.12,0.05
61.53,2.68,1.12,0.05
60.59,4.09,0.99,0.04
60.59,4.09,0.99,0.04
60.49,4.52,1.08,0.04
60.49,4.52,1.08,0.04
60.26,4.29,1.15,0.03
60.26,4.29,1.15,0.03
60.22,4.43,0.83,0.03
60.22,4.43,0.83,0.03
60.44,4.2,1.31,0.02
60.44,4.2,1.31,0.02
61,2.26,1.37,0.1
60.89,2.7,1.59,0.09
60.98,2.73,1.38,0.11
60.13,3.03,1.47,0.08
59.87,2.82,1.65,0.07
60.13,2.38,1.67,0.07
61.44,1.96,1.13,0.05
60.89,2.24,1.38,0.06
58.11,3.07,2.45,0.07
60.11,2.6,1.7,0.06
63.45,1.61,0.89,0.05
61.86,2.08,1.09,0.04
60.77,2.65,1.24,0.04
61.98,2.43,1.47,0.05
60.88,3.84,1.42,0.06
61.46,2.44,1.18,0.05
60.3,3.37,0.98,0.05
58.77,3.8,2.33,0.1
61.62,2.61,1.6,0.08
60.84,2.34,1.72,0.07
59.28,3.13,1.91,0.09
60.11,2.51,1.66,0.07
58.91,2.91,1.97,0.07
61.09,2.41,1.58,0.06
60.35,2.63,1.66,0.07
58.94,2.8,1.89,0.06
60.31,2.45,1.53,0.07
63.54,1.58,0.93,0.05
61.99,2,1.16,0.05
63.14,1.76,0.9,0.04
63.02,1.87,1.07,0.05
62.84,2.14,0.95,0.04
60.29,4.4,0.98,0.05
58.95,3.15,1.99,0.07
61.27,2.08,1.29,0.06
60.81,2.25,1.34,0.06
61.63,2.04,1.16,0.06
60.89,2.18,1.36,0.06
61.42,1.92,1.38,0.06
60.34,3.02,1.23,0.05
61.58,2.06,1.18,0.06
60.79,2.34,1.37,0.06
58.76,3.41,1.9,0.06
61.17,2.5,1.14,0.05
63.38,1.84,0.81,0.05
62.01,1.89,0.94,0.05
58.76,2.69,1.15,0.05
60.91,2.64,1.42,0.06
60.6,2.65,1.15,0.06
60.15,2.97,1.27,0.05
58.88,2.9,2.3,0.09
61.07,2.14,1.48,0.09
61.34,2.4,1.49,0.07
60.64,2.29,1.27,0.07
59.68,2.32,1.23,0.07
59.97,2.17,1.05,0.08
59.76,2.35,1.19,0.06
59.53,2.5,1.46,0.06
60.46,2.45,1.6,0.06
60.36,3.09,1.92,0.06
57.92,3.73,2.19,0.07
60.75,2.5,1.33,0.07
62.69,1.87,1.02,0.06
61.18,2.33,1.31,0.07
63.23,1.66,0.91,0.04
62.3,1.85,1.15,0.05
62.25,2.47,1.46,0.05
58.67,4.12,2.36,0.04
58.49,4.54,2.19,0.05
60.43,4.89,3.45,0.05
58.96,4.17,3.21,0.06
59.87,2.6,1.85,0.08
60.28,2.22,1.82,0.07
61.81,1.99,1.55,0.06
60.21,2.43,1.57,0.08
58.23,3.26,2.05,0.07
61.69,1.96,1.07,0.06
62.51,1.5,0.71,0.04
62.89,1.61,0.88,0.04
59.98,2.74,1.44,0.06
61.99,1.89,0.74,0.03
60.81,2.66,1.21,0.04
59.42,4.14,1.2,0.04
59.38,3.48,1.51,0.05
60.07,3.65,1.58,0.04
60.34,2.87,1.47,0.07
61.41,2.24,1.4,0.06
60.1,2.47,1.42,0.07
60.1,2.52,1.46,0.07
60.38,2.53,1.67,0.08
61.13,2.21,1.38,0.06
59.55,2.46,1.6,0.08
60.39,2.07,1.31,0.07
60.43,2.44,1.53,0.06
60.47,2.59,1.39,0.08
63.43,1.5,0.77,0.05
61.49,1.84,1.04,0.05
61.26,2.12,1.09,0.05
61.51,1.64,0.9,0.05
61.34,2.37,1.3,0.06
60.93,2.83,1.3,0.06
59.57,3.32,1.12,0.05
60.83,2.2,1.18,0.06
61.59,1.93,1.07,0.05
60.84,2.08,1.18,0.05
60.86,2.08,1.14,0.05
61.24,2.16,1.33,0.06
59.92,2.53,1.69,0.06
61.28,1.74,1.07,0.05
60.95,1.74,1.11,0.05
61.13,2.05,1.27,0.06
60.2,2.93,1.78,0.06
58.98,3.65,1.75,0.06
59.03,3.22,1.47,0.06
62.77,1.83,0.89,0.05
62.66,1.83,0.91,0.05
60.85,2.73,1.34,0.06
61.31,2.06,1.04,0.05
61.49,2.08,0.94,0.05
62.03,2.3,1.2,0.06
59.18,4.05,1.46,0.05
59.78,2.57,2.01,0.09
61.84,2.65,1.56,0.07
59.89,2.61,1.72,0.08
58.18,3.49,1.93,0.08
60.44,2.41,1.6,0.07
60.46,2.19,1.48,0.06
61.43,2.04,1.26,0.06
58.66,3.31,1.87,0.07
57.61,3.5,2.28,0.11
56.88,4.33,1.99,0.12
60.99,2.81,1.39,0.07
63.41,1.85,0.9,0.05
60.52,4.87,1.17,0.04
62.21,2.64,1.2,0.05
60.43,3.05,1.38,0.04
61.49,2.07,1.19,0.07
61.91,2.52,1.68,0.06
62.47,2.12,1.23,0.05
59.28,3.11,2.59,0.13
59.39,2.52,1.53,0.08
60.85,2.49,1.3,0.07
63.81,1.69,0.97,0.04
61.43,2.2,1.24,0.05
60.41,4.11,1.01,0.04
56.59,6.08,1.9,0.05
60.32,2.43,1.57,0.05
62.19,2.11,0.98,0.04
62.05,1.97,1.28,0.06
60.63,4.67,0.78,0.04
61.38,2.22,0.99,0.05
61.12,2.3,0.9,0.05
61.87,2.06,1.21,0.03
60.32,2.26,1.39,0.06
59.68,2.37,1.46,0.08
60.87,2.15,1.38,0.06
60.92,2.25,1.4,0.06
61.38,2.29,1.46,0.05
59.27,2.81,1.7,0.06
59.23,3.46,1.41,0.06
63.39,1.77,0.9,0.06
61.94,1.91,1.05,0.06
61.47,2.32,1.23,0.07
61.78,2.13,1.07,0.05
61.53,2,0.94,0.05
59.53,2.69,1.23,0.05
60.54,3.74,1.44,0.05
59.18,3.31,1.5,0.06
61.05,2.53,1.44,0.09
60.57,2.63,1.73,0.07
59.52,2.69,1.6,0.08
60.31,2.17,1.57,0.07
59.13,2.61,1.86,0.07
60.27,2.48,1.61,0.06
59.18,2.85,1.86,0.06
58.8,3.02,1.66,0.06
63.51,1.61,0.95,0.05
62.24,2.05,1.19,0.05
58.24,6.74,1.18,0.04
58.43,3.35,1.47,0.04
62.87,1.97,0.97,0.05
59.42,4.84,1.22,0.05
58.64,5.35,1.2,0.04
61.92,2.44,1.53,0.09
61.92,2.44,1.53,0.09
61.24,2.35,1.68,0.07
61.24,2.35,1.68,0.07
61.68,1.84,0.84,0.04
61.68,1.84,0.84,0.04
58.66,5.05,1.33,0.04
58.66,5.05,1.33,0.04
61.08,3.04,0.96,0.03
61.08,3.04,0.96,0.03
60.64,3.7,1.14,0.05
60.64,3.7,1.14,0.05
58.4,4.58,1.46,0.05
58.4,4.58,1.46,0.05
60.23,4.02,2.68,0.08
60.63,2.73,1.5,0.09
61.47,2.24,1.59,0.07
56.78,4.5,3.28,0.08
59.5,2.58,1.58,0.09
61.5,1.97,1.24,0.07
62.52,1.97,1.23,0.05
62.35,1.91,1.14,0.05
61.64,1.88,0.95,0.04
62.96,1.76,1.17,0.05
62.21,2.19,1.1,0.05
62.61,3.23,0.77,0.04
60.63,4.04,1.07,0.05
60.19,3.59,0.91,0.05
57.19,8.68,0.87,0.04
61.34,2.83,1.14,0.04
61.25,3.17,1.06,0.04
60.3,3.8,1.49,0.04
60.51,4.83,0.89,0.03
60.18,3.63,1.39,0.04
60.33,3.09,1.3,0.04
60.59,2.69,1.26,0.03
58.61,4.97,1.58,0.07
61.24,2.52,1.33,0.06
60.21,2.37,1.41,0.06
60.45,2.64,1.46,0.07
60.03,2.78,1.84,0.08
60.46,2.46,1.22,0.06
61.04,1.99,1.15,0.06
59.04,3.03,1.59,0.1
55.79,8.5,1.53,0.07
58.13,8.02,1.06,0.05
59.55,7.37,0.67,0.05
56.9,7.76,1.14,0.05
59.98,5.4,0.89,0.04
60.97,4.68,1.19,0.04
59.11,7.6,1.29,0.03
60.6,2.61,1.45,0.06
61.9,2.41,1.49,0.03
61.79,2.04,1.21,0.03
59.51,2.55,1.64,0.06
60.97,2.13,1.47,0.06
60.73,2.29,1.63,0.06
62.38,2.03,1.09,0.05
59.63,3.47,1.81,0.07
58.25,3.27,1.87,0.07
60.2,2.87,1.45,0.07
62.62,1.8,0.97,0.05
61.24,2.32,1.22,0.07
61.09,2.34,1.2,0.06
60.43,3.27,1.55,0.05
58.23,4.75,1.45,0.05
61.36,2.7,1.19,0.05
59.36,3.39,1.56,0.05
58.11,3.47,1.41,0.05
61.07,2.13,1.6,0.06
59.88,2.65,1.89,0.07
59.99,2.6,1.94,0.08
60.74,2.32,1.73,0.08
60.29,2.34,1.71,0.07
60.49,2.41,1.75,0.06
59.61,2.55,1.84,0.09
59.21,2.38,1.81,0.08
60.59,2.18,1.35,0.08
61.11,2.35,1.34,0.07
61.39,2.12,1.34,0.06
58.49,3.11,1.69,0.05
58.08,4.04,2.29,0.06
60.95,2.61,1.37,0.05
60.51,2.56,1.32,0.07
60.65,2.49,1.2,0.06
59.75,2.65,1.5,0.1
61.14,2.3,1.42,0.03
60.59,2.14,1.45,0.07
59.79,2.51,1.74,0.07
60.57,2.32,1.51,0.06
61.8,2.13,1.4,0.06
60.16,3.09,1.62,0.06
58.25,2.89,1.77,0.06
60.53,2.36,1.36,0.07
62.1,1.86,1,0.05
60.28,2.77,1.33,0.05
59.89,2.83,1.39,0.05
62.71,1.86,1.2,0.06
60.48,2.93,1.24,0.05
60.01,2.29,1.43,0.08
60.3,2.24,1.28,0.08
60.41,2.56,1.56,0.08
60.17,2.89,1.78,0.08
60.44,2.36,1.35,0.06
60.88,2.57,1.36,0.07
61.43,2.88,1.12,0.05
61.07,2.9,1.34,0.06
61.22,2.57,1.34,0.06
60.73,4.24,1,0.04
58.99,5.96,1.4,0.06
60.73,3.98,1.44,0.05
60.32,2.4,1.36,0.07
59.49,3.01,1.68,0.08
59.91,2.63,1.58,0.08
59.55,2.79,1.61,0.08
60,2.46,1.66,0.07
60.14,2.58,1.73,0.07
61.37,2.02,1.19,0.06
61.05,2.43,1.47,0.06
59.28,2.97,1.9,0.07
59.4,2.63,1.64,0.06
61.32,2.13,1.18,0.06
62.99,1.74,0.88,0.05
60.74,2.38,1.24,0.05
61.61,2.22,1.27,0.06
61.4,2.35,1.45,0.06
59.35,3.49,1.42,0.05
58.82,4.56,1.59,0.06
61.03,3.75,1.26,0.06
61.74,2.54,1.18,0.04
58.54,3.32,2.79,0.06
61.52,1.76,1.07,0.05
60.94,2.05,1.05,0.05
60.58,2.56,1.27,0.08
61.16,2.03,1.77,0.06
60.28,2.27,1.89,0.08
61.24,2.05,1.64,0.08
60.92,2.07,1.52,0.08
58.04,3.12,2.19,0.08
59.23,2.62,1.8,0.08
61.76,1.94,1.32,0.07
62.48,1.82,1.13,0.06
60.99,2.7,1.45,0.05
61.45,2.7,1.44,0.05
62.21,3.39,1.01,0.05
61.39,2.33,1.46,0.07
60.44,2.59,1.49,0.1
59.65,2.73,1.67,0.09
59.96,2.91,1.78,0.07
60.49,2.54,1.71,0.05
61.14,2.1,1.74,0.06
63.39,1.83,1.25,0.06
62.75,1.66,1.15,0.06
61.5,2.25,1.79,0.07
61.53,2.15,1.55,0.05
60.76,3.72,1.41,0.06
61.28,2.63,1.53,0.06
59.82,2.44,1.98,0.06
61.37,2.32,1.16,0.04
61.54,2.09,1.53,0.05
61.92,1.56,1.3,0.04
62.83,1.63,1.29,0.05
60.71,2.25,1.76,0.09
59.71,2.28,1.43,0.07
62.07,1.83,1.17,0.07
63.12,1.53,0.94,0.06
61.42,1.98,1.39,0.07
60.93,1.99,1.28,0.06
62.5,1.83,1.24,0.05
61.72,2.07,1.34,0.06
61.36,2.58,1.24,0.06
59.21,4.1,1.65,0.05
61.98,2.21,1.2,0.05
60.57,2.87,1.43,0.04
60.37,2.83,1.49,0.04
60,3.18,1.66,0.03
61.42,2.22,1.53,0.05
60.45,2.49,1.68,0.04
59.98,2.47,1.42,0.06
60.49,2.51,1.59,0.07
59.35,2.92,1.68,0.09
60.79,2.51,1.56,0.07
60.66,2.66,1.75,0.07
56.86,4.31,2.51,0.08
57.8,3.48,2.65,0.08
61.68,2.24,1.26,0.07
63.18,1.82,0.9,0.06
63.25,1.79,0.9,0.05
60.59,2.34,0.93,0.05
60,2.92,1.43,0.05
62.24,2.32,1.35,0.05
60.56,4.31,1.3,0.05
58.65,5.8,1.35,0.04
60.69,3.46,1.3,0.04
58.08,5.99,1.68,0.04
58.82,2.94,2.17,0.09
60.36,2.46,1.62,0.06
59.38,2.94,1.8,0.06
60.13,2.62,1.54,0.06
59.43,2.92,1.69,0.07
61.89,1.74,1.2,0.05
62.01,1.88,1.41,0.05
62.98,1.83,1.35,0.08
63.28,1.59,1.16,0.06
61.04,2.55,2.12,0.09
62.53,1.69,1.4,0.05
61.28,2.29,1.58,0.07
61.17,2.96,1.56,0.06
61.48,2.14,1.21,0.05
61.2,1.86,1.13,0.04
60.67,2.32,1.49,0.04
60.33,2.42,1.46,0.03
59.21,3.05,1.61,0.02
58.28,3.73,1.54,0.02
58.63,3.26,1.68,0.1
60.38,2.46,1.19,0.08
59.85,2.51,1.24,0.08
60.36,2.56,1.38,0.06
60.15,2.74,1.35,0.06
59.05,2.9,1.44,0.05
60.46,2.37,1.26,0.07
60.47,2.47,1.32,0.11
61.83,1.78,1.17,0.08
58.39,3.55,2.45,0.06
62.62,1.94,1.04,0.04
62.81,1.69,1.39,0.05
61.87,2.81,1.36,0.06
61.62,3.22,1.26,0.05
60.89,4,1.31,0.06
62.7,2.02,0.98,0.05
61.74,2.37,1.14,0.05
60.76,2.85,1.4,0.05
61.76,3.23,1.29,0.04
61.95,2.87,1.4,0.04
62.03,2.61,1.45,0.03
58.98,2.95,1.54,0.03
58.05,3.54,2.17,0.08
60.15,2.52,1.33,0.05
59.93,2.46,1.34,0.04
59.71,2.75,1.67,0.05
59.67,2.99,1.83,0.07
59.85,2.75,1.57,0.07
60.8,2.12,1.31,0.06
60.87,2.23,1.55,0.07
60.34,2.59,1.54,0.1
61.55,1.98,1.21,0.09
61.91,1.82,1.13,0.06
61.2,2.19,1.48,0.07
62.36,1.57,1.29,0.05
62.01,2,1.48,0.06
62.56,1.66,1.02,0.06
61.98,2.01,1.12,0.04
58.44,3.99,1.94,0.06
62.07,1.96,1.46,0.06
61.26,2.38,1.61,0.06
61.05,2.27,1.57,0.06
61.6,2.15,1.43,0.06
62.53,2.11,1.61,0.04
61.34,2.32,1.49,0.08
61.4,1.99,1.43,0.08
61.24,2.82,1.66,0.08
61.93,2.31,1.41,0.07
59.87,2.85,1.8,0.08
62.99,1.75,1.33,0.05
62.43,2.15,1.34,0.05
61.42,2.49,1.57,0.05
61.92,1.88,1.48,0.06
61.33,1.98,1.45,0.04
60.01,2.9,2.01,0.03
59.7,3.35,2.1,0.03
59.85,3.04,1.87,0.03
60.29,3,1.72,0.03
60.45,3.22,1.42,0.02
59.44,3.9,0.99,0.02
60.44,2.35,1.42,0.06
59.2,3.03,1.85,0.05
59.44,2.96,1.93,0.06
59.24,3.27,2.11,0.06
59.27,3.18,2.17,0.07
60.84,2.49,1.77,0.08
61.72,2.15,1.55,0.07
56.88,4.24,2.78,0.09
61.06,2.23,1.43,0.07
60.84,2.68,1.52,0.06
61.03,2.41,1.2,0.05
57.8,4.35,2.08,0.05
60.02,3.59,1.85,0.05
61.01,3.3,1.66,0.06
58.32,6.76,1.88,0.05
61.17,2.72,1.74,0.04
60.65,3.3,1.88,0.03
61.35,2.96,1.86,0.04
58.02,6.02,2.14,0.02
58.84,5.29,1.88,0.02
60.37,4.82,1.48,0.02
60.79,3.69,1.3,0.02
60.27,4.14,2.2,0.03
59.13,2.94,2.16,0.07
59.39,3.22,2.3,0.06
60.46,2.53,1.74,0.06
60.45,2.67,1.4,0.04
59.66,2.94,1.47,0.05
59.71,2.75,1.98,0.07
60.63,2.34,1.72,0.06
60.53,2.58,1.82,0.07
59.72,2.78,1.9,0.07
59.14,3.72,1.9,0.06
63.14,2.09,1.26,0.05
61.56,2.69,1.38,0.05
60.33,2.89,1.66,0.05
58.3,4.07,1.24,0.03
61,3.8,1.24,0.03